time_step,time_hours,zone,demand,thermal,nuclear,solar,wind,solar_spill,wind_spill,hydro_release,hydro_ror,hydro_spill,battery_charge,battery_discharge,battery_soc,pumped_charge,pumped_discharge,pumped_level,demand_response,unserved,overgen_spill
0,0.0,R1Z1,162.34985801252796,0.0,0.0,0.0,66.49206360355474,0.0,0.0,220.0,0.0,0.0,0.0,0.0,0.0,0.0,0.0,475.3394687330053,0.0,0.0,0.0
0,0.0,R1Z2,183.6071564664392,0.0,0.0,7.719381598485722,7.385898865947253,0.0,0.0,27.34862446898208,36.65689497330775,0.0,0.0,0.0,0.0,0.0,0.0,464.8502516471665,0.0,0.0,0.0
0,0.0,R1Z3,125.33155002498849,0.0,0.0,3.2130678672158623,37.049499063788794,8.881784197001252e-16,0.0,0.0,0.0,0.0,0.0,0.0,0.0,0.0,0.0,0.0,0.0,0.0,0.0
0,0.0,R2Z1,92.25373463151269,0.0,135.0,0.0,39.59386663539736,0.0,0.0,0.0,0.0,0.0,0.0,0.0,32.13580799095542,0.0,0.0,353.8882066992692,0.0,0.0,0.0
0,0.0,R2Z2,175.8422388993327,0.0,0.0,0.0,109.2607397185639,0.0,0.0,0.0,73.3137899466155,0.0,0.0,0.0,28.043182479051524,0.0,0.0,0.0,0.0,0.0,0.0
0,0.0,R2Z3,191.0279451934117,0.0,0.0,0.0,167.37865648635375,0.0,0.0,0.0,0.0,0.0,0.0,0.0,0.0,0.0,0.0,0.0,0.0,0.0,0.0
1,0.25,R1Z1,174.35069538133774,0.0,0.0,8.72783178039326,102.26526915368706,-3.552713678800501e-15,0.0,218.59281042843145,0.0,0.0,0.0,0.0,0.0,0.0,0.0,475.0142953213969,0.0,0.0,0.0
1,0.25,R1Z2,208.6934345504966,0.0,0.0,2.1850701954294465,38.21235493478288,-8.881784197001252e-16,0.0,18.136445573213138,23.931204849914927,0.0,0.0,0.0,0.0,0.0,0.0,464.53225376952736,0.0,0.0,0.0
1,0.25,R1Z3,124.74770137503704,0.0,0.0,2.54300173058153,54.335217327590335,3.1086244689504383e-15,0.0,0.0,0.0,0.0,0.0,0.0,0.0,0.0,0.0,0.0,0.0,0.0,0.0
1,0.25,R2Z1,86.96009908437568,0.0,135.0,0.0,64.2726799458745,0.0,0.0,0.0,0.0,0.0,0.0,0.0,32.10401835838403,0.0,0.0,353.6461164814989,0.0,0.0,0.0
1,0.25,R2Z2,212.8938813008037,0.0,0.0,3.63088978532339,109.18530352898563,4.440892098500626e-16,0.0,0.0,47.862409699829854,0.0,0.0,0.0,28.015441385148037,0.0,0.0,0.0,0.0,0.0,0.0
1,0.25,R2Z3,192.85530563877734,0.0,0.0,2.929605513622107,168.6910228831686,-1.0658141036401503e-14,0.0,0.0,0.0,0.0,0.0,0.0,0.0,0.0,0.0,0.0,0.0,0.0,0.0
2,0.5,R1Z1,144.79950930430257,0.0,0.0,10.967305150825922,135.8557407598452,-7.105427357601002e-15,0.0,220.0,0.0,0.0,0.0,0.0,0.0,0.0,0.0,474.6893443565967,0.0,0.0,0.0
2,0.5,R1Z2,179.99061637374155,0.0,0.0,8.055542628184519,36.320351239483344,1.7763568394002505e-15,0.0,97.06954506831917,23.91008750932272,0.0,0.0,0.0,0.0,0.0,0.0,464.2144734300092,0.0,0.0,0.0
2,0.5,R1Z3,123.03253708619263,0.0,0.0,2.1578674796767383,0.0,0.0,0.0,0.0,0.0,0.0,0.0,0.0,0.0,0.0,0.0,0.0,0.0,0.0,0.0
2,0.5,R2Z1,130.5896475842768,0.0,135.0,0.0,51.340613816738305,0.0,0.0,0.0,0.0,0.0,0.0,0.0,32.072260172998895,0.0,0.0,353.40419187442836,0.0,0.0,0.0
2,0.5,R2Z2,197.7198436064116,0.0,0.0,0.0,110.12319571703715,0.0,0.0,0.0,47.82017501864544,0.0,0.0,0.0,27.987727733504062,0.0,0.0,0.0,0.0,0.0,0.0
2,0.5,R2Z3,165.5897927338008,0.0,0.0,0.8497553766819266,62.25176692396552,2.220446049250313e-15,0.0,0.0,0.0,0.0,0.0,0.0,0.0,0.0,0.0,0.0,0.0,0.0,0.0
3,0.75,R1Z1,167.57823291539623,0.0,0.0,27.277954333564708,82.51420315482544,-3.552713678800501e-15,0.0,195.1625581910426,0.0,0.0,0.0,0.0,0.0,0.0,0.0,474.36461568643176,0.0,0.0,0.0
3,0.75,R1Z2,202.79425773609913,0.0,0.0,4.844434344479282,42.51521636943672,1.7763568394002505e-15,0.0,0.0,30.41860827672782,0.0,0.0,0.0,0.0,0.0,0.0,463.8969104797969,0.0,0.0,0.0
3,0.75,R1Z3,93.64201730615514,0.0,0.0,1.2443214534321712,36.192866034001966,-2.220446049250313e-15,0.0,0.0,0.0,0.0,0.0,0.0,0.0,0.0,0.0,0.0,0.0,0.0,0.0
3,0.75,R2Z1,88.9372268644584,0.0,135.0,1.154779611213229,39.236494182172244,-8.881784197001252e-16,0.0,0.0,0.0,0.0,0.0,0.0,32.040533403691576,0.0,0.0,353.1624327647655,0.0,0.0,0.0
3,0.75,R2Z2,180.1312830376867,0.0,0.0,0.0,111.68730142358757,0.0,0.0,0.0,60.83721655345564,0.0,0.0,0.0,27.960041496972952,0.0,0.0,0.0,0.0,0.0,0.0
3,0.75,R2Z3,206.14701528133435,0.0,0.0,0.0,171.14407921319057,0.0,0.0,0.0,0.0,0.0,0.0,0.0,0.0,0.0,0.0,0.0,0.0,0.0,0.0
4,1.0,R1Z1,177.87336123870077,0.0,0.0,17.247976668963588,133.44262242454926,-1.0658141036401503e-14,0.0,113.28465026743676,0.0,0.0,0.0,0.0,0.0,0.0,0.0,474.0401091588333,0.0,0.0,0.0
4,1.0,R1Z2,203.46330155960112,0.0,0.0,0.0,24.702581075940515,0.0,0.0,220.0,34.55872123456437,0.0,0.0,0.0,0.0,0.0,0.0,463.5795647701772,0.0,0.0,0.0
4,1.0,R1Z3,139.7826013577922,0.0,0.0,5.820845551625858,55.77889110071077,3.552713678800501e-15,0.0,0.0,0.0,0.0,0.0,0.0,0.0,0.0,0.0,0.0,0.0,0.0,0.0
4,1.0,R2Z1,86.7761756456984,0.0,135.0,7.417145275559811,54.739847516462945,0.0,0.0,0.0,0.0,0.0,0.0,0.0,32.00883801938441,0.0,0.0,352.92083903929574,0.0,0.0,0.0
4,1.0,R2Z2,222.59610393012846,0.0,0.0,0.0,45.236581832218235,0.0,0.0,0.0,69.11744246912875,0.0,0.0,11.350851444533916,24.874817531377165,0.0,0.0,0.0,0.0,0.0,0.0
4,1.0,R2Z3,217.7461292472411,0.0,0.0,0.44377987489070847,120.09573624257659,9.992007221626409e-16,0.0,0.0,0.0,0.0,0.0,0.0,0.0,0.0,0.0,0.0,0.0,0.0,0.0
5,1.25,R1Z1,158.48712197566832,0.0,0.0,9.30999077491704,65.2681311637403,-5.329070518200751e-15,0.0,117.86646371376385,0.0,0.0,0.0,0.0,0.0,0.0,0.0,473.7158246218365,0.0,0.0,0.0
5,1.25,R1Z2,198.79730339255576,0.0,0.0,6.110791362355258,30.25266498402995,8.881784197001252e-16,0.0,220.0,17.879583526478548,0.0,0.0,0.0,0.0,0.0,0.0,463.2624361525389,0.0,0.0,0.0
5,1.25,R1Z3,139.91578745021408,0.0,0.0,4.079368831523993,38.65418374473664,-8.881784197001252e-16,0.0,0.0,0.0,0.0,0.0,0.0,0.0,0.0,0.0,0.0,0.0,0.0,0.0
5,1.25,R2Z1,97.22772614207408,0.0,135.0,2.141868175188762,53.40019901149912,-2.220446049250313e-15,0.0,0.0,0.0,0.0,0.0,0.0,31.977173989030497,0.0,0.0,352.6794105848819,0.0,0.0,0.0
5,1.25,R2Z2,230.46175649357693,0.0,0.0,1.914399443810538,120.49893530089206,8.881784197001252e-16,0.0,0.0,35.759167052957096,0.0,0.0,0.0,24.850210671956507,0.0,0.0,0.0,0.0,0.0,0.0
5,1.25,R2Z3,216.5537228612597,0.0,0.0,0.0,183.3076712294557,0.0,0.0,0.0,0.0,0.0,0.0,0.0,0.0,0.0,0.0,0.0,0.0,0.0,0.0
6,1.5,R1Z1,148.17215867122707,0.0,0.0,18.380044600426288,158.6294808200032,0.0,0.0,0.0,0.0,0.0,0.0,0.0,0.0,0.0,0.0,473.39176192358053,0.0,0.0,0.0
6,1.5,R1Z2,222.85566534405407,0.0,0.0,4.772834803526081,35.662219780911144,2.6645352591003757e-15,0.0,142.89184055932867,37.578387559427114,0.0,0.0,0.0,0.0,0.0,0.0,462.94552447837214,0.0,0.0,0.0
6,1.5,R1Z3,105.8798787206256,0.0,0.0,9.48442128131741,18.372272596209108,0.0,0.0,0.0,0.0,0.0,0.0,0.0,0.0,0.0,0.0,0.0,0.0,0.0,0.0
6,1.5,R2Z1,97.72961191400117,0.0,135.0,1.4972254846970188,33.4494918165322,1.1102230246251565e-15,0.0,0.0,0.0,0.0,0.0,0.0,31.94554128161363,0.0,0.0,352.43814728846434,0.0,0.0,0.0
6,1.5,R2Z2,209.82032915047074,0.0,0.0,0.0,103.72015263594066,0.0,0.0,0.0,75.15677511885423,0.0,0.0,0.0,24.825628154323674,0.0,0.0,0.0,0.0,0.0,0.0
6,1.5,R2Z3,190.91864995117453,0.0,0.0,2.5539038406298005,198.22724285375023,1.7763568394002505e-15,0.0,0.0,0.0,0.0,0.0,0.0,0.0,0.0,0.0,0.0,0.0,0.0,0.0
7,1.75,R1Z1,166.84952466116226,0.0,0.0,30.37836528735201,178.59083067533425,7.105427357601002e-15,0.0,0.0,0.0,0.0,0.0,0.0,0.0,0.0,0.0,473.0679209123085,0.0,0.0,0.0
7,1.75,R1Z2,195.38876897153463,0.0,0.0,9.70387498852807,36.30558996868798,3.552713678800501e-15,0.0,147.58713663461145,54.934972996695166,0.0,0.0,0.0,0.0,0.0,0.0,462.6288295992688,0.0,0.0,0.0
7,1.75,R1Z3,125.1673059403063,0.0,0.0,7.601249587284862,36.06184575682139,-2.6645352591003757e-15,0.0,0.0,0.0,0.0,0.0,0.0,0.0,0.0,0.0,0.0,0.0,0.0,0.0
7,1.75,R2Z1,109.35786922183581,0.0,135.0,3.723536401575238,48.69187187488385,3.1086244689504383e-15,0.0,0.0,0.0,0.0,0.0,0.0,31.91393986614829,0.0,0.0,352.1970490370606,0.0,0.0,0.0
7,1.75,R2Z2,235.99617756191617,0.0,0.0,1.8611750815080228,92.83966815390924,-5.329070518200751e-15,0.0,0.0,109.86994599339033,0.0,0.0,0.0,24.801069954399093,0.0,0.0,0.0,0.0,0.0,0.0
7,1.75,R2Z3,187.7463576366087,0.0,0.0,0.8083675777836845,126.54757301499832,-5.995204332975845e-15,0.0,0.0,0.0,0.0,0.0,0.0,0.0,0.0,0.0,0.0,0.0,0.0,0.0
8,2.0,R1Z1,154.55211362677716,0.0,0.0,26.8835057576878,142.62995301775337,0.0,0.0,220.0,0.0,0.0,0.0,0.0,0.0,0.0,0.0,472.7443014363673,0.0,0.0,0.0
8,2.0,R1Z2,233.87639367620906,0.0,0.0,8.597474381417108,30.477060356594677,0.0,0.0,106.74111709394768,46.05908582823895,0.0,0.0,0.0,0.0,0.0,0.0,462.3123513669222,0.0,0.0,0.0
8,2.0,R1Z3,123.1438087469476,0.0,0.0,7.14632139957058,6.169721416869955,0.0,0.0,0.0,0.0,0.0,0.0,0.0,0.0,0.0,0.0,0.0,0.0,0.0,0.0
8,2.0,R2Z1,94.41288144748168,0.0,135.0,4.56504259622686,40.560465439610965,-2.6645352591003757e-15,0.0,0.0,0.0,0.0,0.0,0.0,31.882369711679615,0.0,0.0,351.95611571776556,0.0,0.0,0.0
8,2.0,R2Z2,247.20592008211185,0.0,0.0,0.0,105.51848408710248,0.0,0.0,0.0,92.1181716564779,0.0,0.0,0.0,24.776536048127017,0.0,0.0,0.0,0.0,0.0,0.0
8,2.0,R2Z3,201.57813615283047,0.0,0.0,0.5641687378271882,81.73868196303232,1.1102230246251565e-15,0.0,0.0,0.0,0.0,0.0,0.0,0.0,0.0,0.0,0.0,0.0,0.0,0.0
9,2.25,R1Z1,159.56908308866926,0.0,0.0,18.582272412591394,34.966070359486594,0.0,0.0,220.0,0.0,0.0,0.0,0.0,0.0,0.0,0.0,472.4209033442076,0.0,0.0,0.0
9,2.25,R1Z2,211.30738284586963,0.0,0.0,9.376585850791841,80.0,5.329070518200751e-15,0.0,162.21842800605918,49.91909640479588,0.0,0.0,0.0,0.0,0.0,0.0,461.99608963312727,0.0,0.0,0.0
9,2.25,R1Z3,125.75679184981695,0.0,0.0,11.749689816132026,23.954938259703418,-3.552713678800501e-15,0.0,0.0,0.0,0.0,0.0,0.0,0.0,0.0,0.0,0.0,0.0,0.0,0.0
9,2.25,R2Z1,113.07754799923099,0.0,135.0,0.0,58.04156598804782,0.0,0.0,0.0,0.0,0.0,0.0,0.0,31.85083078728336,0.0,0.0,351.7153472177514,0.0,0.0,0.0
9,2.25,R2Z2,236.6134668283211,0.0,0.0,0.49566770254175196,72.7762299903562,-3.885780586188048e-16,0.0,0.0,99.83819280959176,0.0,0.0,0.08974617767989912,24.727851592202747,0.0,0.0,0.0,0.0,0.0,0.0
9,2.25,R2Z3,185.47905433742588,0.0,0.0,1.6876863950989716,53.10715677645704,-1.9984014443252818e-15,0.0,0.0,0.0,0.0,0.0,0.0,0.0,0.0,0.0,0.0,0.0,0.0,0.0
10,2.5,R1Z1,200.1599591823653,0.0,0.0,22.292860425297818,135.3871058135107,-3.552713678800501e-15,0.0,81.29956120636106,0.0,0.0,0.0,0.0,0.0,0.0,0.0,472.0977264843836,0.0,0.0,0.0
10,2.5,R1Z2,216.20575187736395,0.0,0.0,10.15023763063158,22.314807542499437,0.0,0.0,36.84244405769559,36.62174671965116,0.0,0.0,0.0,0.0,0.0,0.0,461.6800442497801,0.0,0.0,0.0
10,2.5,R1Z3,139.08506627409793,0.0,0.0,7.048142354431967,48.21559853253078,2.6645352591003757e-15,0.0,0.0,0.0,0.0,0.0,0.0,0.0,0.0,0.0,0.0,0.0,0.0,0.0
10,2.5,R2Z1,87.55121988148039,0.0,198.04343536112623,10.419649947191232,70.1784082865679,-5.329070518200751e-15,0.0,0.0,0.0,0.0,0.0,0.0,31.81932306206587,0.0,0.0,351.47474342426744,0.0,0.0,0.0
10,2.5,R2Z2,206.473005898016,0.0,0.0,0.0,69.50656655321386,0.0,0.0,0.0,73.24349343930233,0.0,0.0,0.0,24.703390115565313,0.0,0.0,0.0,0.0,0.0,0.0
10,2.5,R2Z3,208.03723120511359,0.0,0.0,5.704082022347535,230.244094426078,3.552713678800501e-15,0.0,0.0,0.0,0.0,0.0,0.0,0.0,0.0,0.0,0.0,0.0,0.0,0.0
11,2.75,R1Z1,193.90601602756664,0.0,0.0,26.270300972558125,36.200729283090155,0.0,0.0,128.12658281420752,0.0,0.0,0.0,0.0,0.0,0.0,0.0,471.77477070555324,0.0,0.0,0.0
11,2.75,R1Z2,217.6551263127848,0.0,0.0,11.449388044901738,38.09963509256036,-1.7763568394002505e-15,0.0,220.0,60.0,0.0,0.0,0.0,0.0,0.0,0.0,461.36421506887837,0.0,0.0,0.0
11,2.75,R1Z3,141.63020672564653,0.0,0.0,7.331732479611077,57.78293109462467,2.6645352591003757e-15,0.0,0.0,0.0,0.0,0.0,0.0,0.0,0.0,0.0,0.0,0.0,0.0,0.0
11,2.75,R2Z1,101.52094297094581,0.0,135.0,15.283682928018358,57.85614244352349,1.7763568394002505e-15,0.0,0.0,0.0,0.0,0.0,0.0,31.78784650516405,0.0,0.0,351.2343042246401,0.0,0.0,0.0
11,2.75,R2Z2,234.65678127152444,0.0,0.0,1.9782083478768087,57.413996263306856,3.3306690738754696e-15,0.0,0.0,120.0,0.0,0.0,0.0,24.678952836899022,0.0,0.0,0.0,0.0,0.0,0.0
11,2.75,R2Z3,203.4011780923568,0.0,0.0,4.776935362773159,115.19998627377268,-2.6645352591003757e-15,0.0,0.0,0.0,0.0,0.0,0.0,0.0,0.0,0.0,0.0,0.0,0.0,0.0
12,3.0,R1Z1,169.54095418513964,0.0,0.0,31.142598213267775,104.03383939688689,0.0,0.0,0.0,0.0,0.0,0.0,0.0,0.0,0.0,0.0,471.45203585647795,0.0,0.0,0.0
12,3.0,R1Z2,221.03217546413623,0.0,0.0,9.463513666586891,80.0,3.552713678800501e-15,0.0,188.17965357674882,37.595579799004355,0.0,0.0,0.0,0.0,0.0,0.0,461.0486019425208,0.0,0.0,0.0
12,3.0,R1Z3,159.03168097279712,0.0,0.0,11.787528540788792,40.37045918921716,1.7763568394002505e-15,0.0,0.0,0.0,0.0,0.0,0.0,0.0,0.0,0.0,0.0,0.0,0.0,0.0
12,3.0,R2Z1,107.30171779106611,0.0,135.0,7.359011126918979,28.536167535050474,-3.552713678800501e-15,0.0,0.0,0.0,0.0,0.0,0.0,31.756401085745342,0.0,0.0,350.9940295062729,0.0,0.0,0.0
12,3.0,R2Z2,186.64131981783018,0.0,0.0,6.045334541904083,128.12122490015437,1.0658141036401503e-14,0.0,0.0,75.19115959800871,0.0,0.0,0.0,24.65453973226657,0.0,0.0,0.0,0.0,0.0,0.0
12,3.0,R2Z3,218.59994687770444,0.0,0.0,5.995217453852177,173.32650757028426,8.881784197001252e-16,0.0,0.0,0.0,0.0,0.0,0.0,0.0,0.0,0.0,0.0,0.0,0.0,0.0
13,3.25,R1Z1,216.1325839677288,0.0,0.0,44.728287947144906,111.39305697813035,-1.4210854715202004e-14,0.0,220.0,0.0,0.0,0.0,0.0,0.0,0.0,0.0,471.1295217860226,0.0,0.0,0.0
13,3.25,R1Z2,198.18849376678915,0.0,0.0,7.370613441565581,52.97881841862535,-2.6645352591003757e-15,0.0,46.33860054392824,48.691590550086985,0.0,0.0,0.0,0.0,0.0,0.0,460.7332047229074,0.0,0.0,0.0
13,3.25,R1Z3,134.7012753258339,0.0,0.0,7.136514296371658,54.56043024552622,8.881784197001252e-16,0.0,0.0,0.0,0.0,0.0,0.0,0.0,0.0,0.0,0.0,0.0,0.0,0.0
13,3.25,R2Z1,94.58822693579206,0.0,135.0,17.240933899867304,15.420806951269167,0.0,0.0,0.0,0.0,0.0,0.0,0.0,31.72498677300768,0.0,0.0,350.7539191566465,0.0,0.0,0.0
13,3.25,R2Z2,246.12380470302864,0.0,0.0,5.272897847302914,85.67003479768191,4.440892098500626e-15,0.0,0.0,97.38318110017397,0.0,0.0,0.0,24.630150777754334,0.0,0.0,0.0,0.0,0.0,0.0
13,3.25,R2Z3,198.01668020699134,0.0,0.0,3.9677417264018686,134.59755616208747,1.1546319456101628e-14,0.0,0.0,0.0,0.0,0.0,0.0,0.0,0.0,0.0,0.0,0.0,0.0,0.0
14,3.5,R1Z1,185.28645567671649,0.0,0.0,28.79655649812699,132.07051632034182,-1.0658141036401503e-14,0.0,220.0,0.0,0.0,0.0,0.0,0.0,0.0,0.0,470.80722834315554,0.0,0.0,0.0
14,3.5,R1Z2,254.02926977111255,0.0,0.0,14.704955804033197,32.068923044490425,3.552713678800501e-15,0.0,94.23124140915189,34.69776314227914,0.0,0.0,0.0,0.0,0.0,0.0,460.41802326233915,0.0,0.0,0.0
14,3.5,R1Z3,150.46417897196375,0.0,0.0,11.044723440944878,64.91473254097721,-5.329070518200751e-15,0.0,0.0,0.0,0.0,0.0,0.0,0.0,0.0,0.0,0.0,0.0,0.0,0.0
14,3.5,R2Z1,114.07375393341025,0.0,135.0,8.705383883867356,69.81499973876696,-1.7763568394002505e-15,0.0,0.0,0.0,0.0,0.0,0.0,31.69360353617947,0.0,0.0,350.5139730633183,0.0,0.0,0.0
14,3.5,R2Z2,258.3593606715276,0.0,0.0,8.441360186519887,101.61898436212134,5.329070518200751e-15,0.0,0.0,69.39552628455829,0.0,0.0,0.0,24.605785949472345,0.0,0.0,0.0,0.0,0.0,0.0
14,3.5,R2Z3,221.78662985190948,0.0,0.0,7.667358719186694,150.82662350127399,-8.881784197001252e-16,0.0,0.0,0.0,0.0,0.0,0.0,0.0,0.0,0.0,0.0,0.0,0.0,0.0
15,3.75,R1Z1,180.93302561831223,0.0,0.0,50.877367644937344,4.969993332129697,0.0,0.0,220.0,0.0,0.0,0.0,0.0,0.0,0.0,0.0,470.4851553769483,0.0,0.0,0.0
15,3.75,R1Z2,222.11288031671685,0.0,0.0,11.799424497861086,27.258366367820802,1.7763568394002505e-15,0.0,156.0644651770347,45.80504229362268,0.0,0.0,0.0,0.0,0.0,0.0,460.1030574132182,0.0,0.0,0.0
15,3.75,R1Z3,133.14509011407992,0.0,0.0,12.323731586797926,48.2627727196067,-1.7763568394002505e-15,0.0,0.0,0.0,0.0,0.0,0.0,0.0,0.0,0.0,0.0,0.0,0.0,0.0
15,3.75,R2Z1,104.91774576813319,0.0,135.0,23.01425544628711,36.12168888920539,3.552713678800501e-15,0.0,0.0,0.0,0.0,0.0,0.0,31.662251344519568,0.0,0.0,350.2741911139228,0.0,0.0,0.0
15,3.75,R2Z2,219.56662191975798,0.0,0.0,9.44070078284652,108.3773748599586,7.105427357601002e-15,0.0,0.0,91.61008458724535,0.0,0.0,0.0,24.581445223554265,0.0,0.0,0.0,0.0,0.0,0.0
15,3.75,R2Z3,208.79741832987762,0.0,0.0,6.409658908910529,82.13785497261334,-8.881784197001252e-16,0.0,0.0,0.0,0.0,0.0,0.0,0.0,0.0,0.0,0.0,0.0,0.0,0.0
16,4.0,R1Z1,182.28283578916063,0.0,0.0,42.92469507008275,163.64256604076613,7.105427357601002e-15,0.0,73.66326048236112,0.0,0.0,0.0,0.0,0.0,0.0,0.0,470.1633027365757,0.0,0.0,0.0
16,4.0,R1Z2,228.4105972436181,0.0,0.0,9.373107707467,80.0,-3.552713678800501e-15,0.0,0.0,54.47706004697149,0.0,0.0,0.0,0.0,0.0,0.0,459.7883070280476,0.0,0.0,0.0
16,4.0,R1Z3,114.98212398404263,0.0,0.0,10.336617566873706,42.722372421930146,1.7763568394002505e-15,0.0,0.0,0.0,0.0,0.0,0.0,0.0,0.0,0.0,0.0,0.0,0.0,0.0
16,4.0,R2Z1,128.70932479117388,0.0,135.0,21.926438915403068,63.65503374489991,3.552713678800501e-15,0.0,0.0,0.0,0.0,0.0,0.0,31.630930167317228,0.0,0.0,350.0345731961714,0.0,0.0,0.0
16,4.0,R2Z2,204.02321347321242,0.0,0.0,4.7334474022283075,127.07531866550238,-5.329070518200751e-15,0.0,0.0,108.95412009394298,0.0,0.0,0.0,24.55712857615737,0.0,0.0,0.0,0.0,0.0,0.0
16,4.0,R2Z3,224.26097282898587,0.0,0.0,8.87301742074439,135.31201253102017,1.0658141036401503e-14,0.0,0.0,0.0,0.0,0.0,0.0,0.0,0.0,0.0,0.0,0.0,0.0,0.0
17,4.25,R1Z1,196.12483284536273,0.0,0.0,33.84145072531467,208.5316219847177,-7.105427357601002e-15,0.0,25.715143183312975,0.0,0.0,0.0,0.0,0.0,0.0,0.0,469.8416702713158,0.0,0.0,0.0
17,4.25,R1Z2,258.40724795268585,0.0,0.0,11.862501862270413,28.598146135802743,3.552713678800501e-15,0.0,220.0,56.080563118635006,0.0,0.0,0.0,0.0,0.0,0.0,459.47377195943136,0.0,0.0,0.0
17,4.25,R1Z3,152.13534678484777,0.0,0.0,10.65265673863967,31.486163063869405,0.0,0.0,0.0,0.0,0.0,0.0,0.0,0.0,0.0,0.0,0.0,0.0,0.0,0.0
17,4.25,R2Z1,105.79950697332995,0.0,135.0,33.31934170477291,58.67348472708119,0.0,0.0,0.0,0.0,0.0,0.0,0.0,31.59963997389209,0.0,0.0,349.7951191978521,0.0,0.0,0.0
17,4.25,R2Z2,244.36200018948236,0.0,0.0,7.886164095092894,75.14131955872314,8.881784197001252e-16,0.0,0.0,112.16112623727001,0.0,0.0,0.0,24.53283598346252,0.0,0.0,0.0,0.0,0.0,0.0
17,4.25,R2Z3,213.30442571559308,0.0,0.0,9.928060552733982,111.25561677306504,-1.7763568394002505e-15,0.0,0.0,0.0,0.0,0.0,0.0,0.0,0.0,0.0,0.0,0.0,0.0,0.0
18,4.5,R1Z1,187.1932146958619,0.0,0.0,47.36727101919146,167.19994207605447,0.0,0.0,186.23729733414422,0.0,0.0,0.0,0.0,0.0,0.0,0.0,469.5202578305498,0.0,0.0,0.0
18,4.5,R1Z2,220.69991726030855,0.0,0.0,16.7028321433109,71.6802485869074,7.105427357601002e-15,0.0,0.0,49.27467042317699,0.0,0.0,0.0,0.0,0.0,0.0,459.1594520600743,0.0,0.0,0.0
18,4.5,R1Z3,140.52688367488798,0.0,0.0,16.73494586173298,49.6612727452507,-3.552713678800501e-15,0.0,0.0,0.0,0.0,0.0,0.0,0.0,0.0,0.0,0.0,0.0,0.0,0.0
18,4.5,R2Z1,112.20206740329311,0.0,135.0,31.32088501280535,54.70742663576098,3.552713678800501e-15,0.0,0.0,0.0,0.0,0.0,0.0,31.56838073359414,0.0,0.0,349.55582900682987,0.0,0.0,0.0
18,4.5,R2Z2,258.52012277937087,0.0,0.0,11.393347742741426,97.74575174705951,-3.552713678800501e-15,0.0,0.0,98.54934084635399,0.0,0.0,0.0,24.50856742167413,0.0,0.0,0.0,0.0,0.0,0.0
18,4.5,R2Z3,230.9226270609045,0.0,0.0,9.629679565383483,106.85992113475311,3.552713678800501e-15,0.0,0.0,0.0,0.0,0.0,0.0,0.0,0.0,0.0,0.0,0.0,0.0,0.0
19,4.75,R1Z1,189.43635938216406,0.0,0.0,55.402257274411085,145.69094970244365,-7.105427357601002e-15,0.0,27.162720668113593,0.0,0.0,0.0,0.0,0.0,0.0,0.0,469.1990652637618,0.0,0.0,0.0
19,4.75,R1Z2,239.2524476188951,0.0,0.0,20.452662042753005,58.22465616540238,-7.105427357601002e-15,0.0,41.95472875741589,48.12734749409786,0.0,0.0,0.0,0.0,0.0,0.0,458.8453471827819,0.0,0.0,0.0
19,4.75,R1Z3,176.63028715885523,0.0,0.0,19.21494291821687,33.81055608584297,0.0,0.0,0.0,0.0,0.0,0.0,0.0,0.0,0.0,0.0,0.0,0.0,0.0,0.0
19,4.75,R2Z1,114.92402008171985,0.0,256.33909827962873,44.23126843043632,48.91360511320399,0.0,0.0,0.0,0.0,0.0,0.0,0.0,31.537152415803686,0.0,0.0,349.3167025110463,0.0,0.0,0.0
19,4.75,R2Z2,216.85343666208405,0.0,0.0,7.744151185578943,82.53371917839169,-2.6645352591003757e-15,0.0,0.0,96.25469498819572,0.0,0.0,0.0,24.484322867020165,0.0,0.0,0.0,0.0,0.0,0.0
19,4.75,R2Z3,229.2396397517889,0.0,0.0,10.552352316323379,169.72648005505107,5.329070518200751e-15,0.0,0.0,0.0,0.0,0.0,0.0,0.0,0.0,0.0,0.0,0.0,0.0,0.0
20,5.0,R1Z1,195.2913887063547,0.0,0.0,51.52488614383901,55.62784442621273,0.0,0.0,114.49981070410354,0.0,0.0,0.0,0.0,0.0,0.0,0.0,468.8780924205389,0.0,0.0,0.0
20,5.0,R1Z2,195.8022870552958,0.0,0.0,17.50520331393939,70.9552814337871,3.552713678800501e-15,0.0,150.40053191241572,43.73216148834413,0.0,0.0,0.0,0.0,0.0,0.0,458.5314571804605,0.0,0.0,0.0
20,5.0,R1Z3,170.90732937736956,0.0,0.0,12.574161621164777,70.17214489505851,0.0,0.0,0.0,0.0,0.0,0.0,0.0,0.0,0.0,0.0,0.0,0.0,0.0,0.0
20,5.0,R2Z1,128.08354937116786,0.0,135.0,26.895971081333514,52.5230126535761,0.0,0.0,0.0,0.0,0.0,0.0,0.0,31.50595498993133,0.0,0.0,349.07773959851966,0.0,0.0,0.0
20,5.0,R2Z2,261.9145980078966,0.0,0.0,9.024309529108095,92.16555401316808,-1.7763568394002505e-15,0.0,0.0,87.46432297668827,0.0,0.0,0.0,24.4601022957521,0.0,0.0,0.0,0.0,0.0,0.0
20,5.0,R2Z3,228.59540382044858,0.0,0.0,15.029743882144942,175.49961626364916,1.0658141036401503e-14,0.0,0.0,0.0,0.0,0.0,0.0,0.0,0.0,0.0,0.0,0.0,0.0,0.0
21,5.25,R1Z1,190.65326515489744,0.0,0.0,46.4803024265711,108.704539883853,7.105427357601002e-15,0.0,73.1990798009241,0.0,0.0,0.0,0.0,0.0,0.0,0.0,468.55733915057124,0.0,0.0,0.0
21,5.25,R1Z2,208.94901777635292,0.0,0.0,14.888771230736062,37.30144494333286,1.7763568394002505e-15,0.0,0.0,51.142291923004336,0.0,0.0,0.0,0.0,0.0,0.0,458.217781906117,0.0,0.0,0.0
21,5.25,R1Z3,165.03126493711738,0.0,0.0,17.292320732042754,60.34652387668643,-3.552713678800501e-15,0.0,0.0,0.0,0.0,0.0,0.0,0.0,0.0,0.0,0.0,0.0,0.0,0.0
21,5.25,R2Z1,94.9126917141858,0.0,338.8203135735567,32.21122145227769,33.64851232014218,7.105427357601002e-15,0.0,0.0,0.0,0.0,0.0,0.0,31.474788425417923,0.0,0.0,348.83894015734484,0.0,0.0,0.0
21,5.25,R2Z2,235.7028903861167,0.0,0.0,11.975033719539937,101.77433442934341,3.552713678800501e-15,0.0,0.0,102.28458384600867,0.0,0.0,0.0,24.43590568414491,0.0,0.0,0.0,0.0,0.0,0.0
21,5.25,R2Z3,253.72172697712708,0.0,0.0,14.331313513657946,104.57026927412014,-3.552713678800501e-15,0.0,0.0,0.0,0.0,0.0,0.0,0.0,0.0,0.0,0.0,0.0,0.0,0.0
22,5.5,R1Z1,199.38005301404405,0.0,0.0,54.33079997032404,116.69956701589884,-1.4210854715202004e-14,0.0,0.0,0.0,0.0,0.0,0.0,0.0,0.0,0.0,468.2368053036516,0.0,0.0,0.0
22,5.5,R1Z2,224.51553362677816,0.0,0.0,14.973128557517402,13.809462451704537,0.0,0.0,97.06473697863211,41.38683286510061,0.0,0.0,0.0,0.0,0.0,0.0,457.9043212128588,0.0,0.0,0.0
22,5.5,R1Z3,139.45808631385913,0.0,0.0,17.393372021612677,52.41750004267401,-7.105427357601002e-15,0.0,0.0,0.0,0.0,0.0,0.0,0.0,0.0,0.0,0.0,0.0,0.0,0.0
22,5.5,R2Z1,120.2941968549069,0.0,336.1186320155108,43.79104460486534,50.044341595885264,-7.105427357601002e-15,0.0,0.0,0.0,0.0,0.0,0.0,31.44365269173456,0.0,0.0,348.6003040756932,0.0,0.0,0.0
22,5.5,R2Z2,276.7706182765109,0.0,0.0,10.87994875710578,119.48094648561354,0.0,0.0,0.0,82.77366573020122,0.0,0.0,0.0,24.411733008497027,0.0,0.0,0.0,0.0,0.0,0.0
22,5.5,R2Z3,208.29879968288256,0.0,0.0,17.556827253503357,99.9964814228321,3.552713678800501e-15,0.0,0.0,0.0,0.0,0.0,0.0,0.0,0.0,0.0,0.0,0.0,0.0,0.0
23,5.75,R1Z1,187.69944086946958,0.0,0.0,44.31294068749449,131.2248411105522,-7.105427357601002e-15,0.0,117.31771719458624,0.0,0.0,0.0,0.0,0.0,0.0,0.0,467.91649072967556,0.0,0.0,0.0
23,5.75,R1Z2,224.3443661854339,0.0,0.0,17.345390851619534,52.72639969063271,3.552713678800501e-15,0.0,34.24166578132741,55.17844821847926,0.0,0.0,0.0,0.0,0.0,0.0,457.59107495389384,0.0,0.0,0.0
23,5.75,R1Z3,203.70700384024843,0.0,0.0,22.926654102932517,51.534970066669516,-7.105427357601002e-15,0.0,0.0,0.0,0.0,0.0,0.0,0.0,0.0,0.0,0.0,0.0,0.0,0.0
23,5.75,R2Z1,124.20771359344523,0.0,135.0,48.66104426056995,57.23780410137053,7.105427357601002e-15,0.0,0.0,0.0,0.0,0.0,0.0,31.412547758382523,0.0,0.0,348.3618312418127,0.0,0.0,0.0
23,5.75,R2Z2,210.60904975293275,0.0,0.0,14.344512375301505,91.03150783467504,5.329070518200751e-15,0.0,0.0,110.35689643695852,0.0,0.0,0.0,24.38758424513034,0.0,0.0,0.0,0.0,0.0,0.0
23,5.75,R2Z3,192.5615800676372,0.0,0.0,15.36651243105058,144.32184916494708,1.2434497875801753e-14,0.0,0.0,0.0,0.0,0.0,0.0,0.0,0.0,0.0,0.0,0.0,0.0,0.0
24,6.0,R1Z1,188.17221035780705,0.0,0.0,67.1389618065059,151.67894848555085,0.0,0.0,43.003241129061124,0.0,0.0,0.0,0.0,0.0,0.0,0.0,467.59639527864147,0.0,0.0,0.0
24,6.0,R1Z2,215.75830242017577,0.0,0.0,19.750102761326623,55.806537494979985,3.552713678800501e-15,0.0,45.505399742251825,44.537799656331835,0.0,0.0,0.0,0.0,0.0,0.0,457.2780429825305,0.0,0.0,0.0
24,6.0,R1Z3,185.48900208215477,0.0,0.0,19.973483062755943,21.57614047066298,0.0,0.0,0.0,0.0,0.0,0.0,0.0,0.0,0.0,0.0,0.0,0.0,0.0,0.0
24,6.0,R2Z1,130.76497081433735,0.0,345.31092073524496,55.482127240039006,44.518664403785266,0.0,0.0,0.0,0.0,0.0,0.0,0.0,31.381473594893276,0.0,0.0,348.1235215440277,0.0,0.0,0.0
24,6.0,R2Z2,232.17557695265623,0.0,0.0,10.696689293208607,71.59837221379914,5.329070518200751e-15,0.0,0.0,89.07559931266367,0.0,0.0,4.6689734880174,23.105783632214234,0.0,0.0,0.0,0.0,0.0,0.0
24,6.0,R2Z3,229.77098747850565,0.0,0.0,16.867944378684356,74.94114443076735,-7.105427357601002e-15,0.0,0.0,0.0,0.0,0.0,0.0,0.0,0.0,0.0,0.0,0.0,0.0,0.0
25,6.25,R1Z1,188.2457723608315,0.0,0.0,46.0583616522504,100.25103751768782,7.105427357601002e-15,0.0,144.89703667962547,0.0,0.0,0.0,0.0,0.0,0.0,0.0,467.27651880065025,0.0,0.0,0.0
25,6.25,R1Z2,185.10248688627033,0.0,0.0,20.94892312713487,35.55673635626949,3.552713678800501e-15,0.0,0.0,49.6988278257408,0.0,0.0,0.0,0.0,0.0,0.0,456.9652251521775,0.0,0.0,0.0
25,6.25,R1Z3,183.47296378552022,0.0,0.0,23.81062791044728,64.65015662946523,-3.552713678800501e-15,0.0,0.0,0.0,0.0,0.0,0.0,0.0,0.0,0.0,0.0,0.0,0.0,0.0
25,6.25,R2Z1,129.08119812219877,0.0,135.0,60.76249244050468,36.24366861341229,-7.105427357601002e-15,0.0,0.0,0.0,0.0,0.0,0.0,31.35043017082841,0.0,0.0,347.885374870739,0.0,0.0,0.0
25,6.25,R2Z2,236.34702789385815,0.0,0.0,15.567168367252293,107.2832990115316,-1.7763568394002505e-15,0.0,0.0,99.3976556514816,0.0,0.0,0.0,23.082926750191888,0.0,0.0,0.0,0.0,0.0,0.0
25,6.25,R2Z3,192.4479375025125,0.0,0.0,19.686613838912365,154.88478092947528,-7.105427357601002e-15,0.0,0.0,0.0,0.0,0.0,0.0,0.0,0.0,0.0,0.0,0.0,0.0,0.0
26,6.5,R1Z1,197.28842962026792,0.0,0.0,72.24625239020229,81.88316106072908,0.0,0.0,81.97858443214082,0.0,0.0,0.0,0.0,0.0,0.0,0.0,466.95686114590535,0.0,0.0,0.0
26,6.5,R1Z2,201.8969785239169,0.0,0.0,19.506775528040585,26.459867016008594,3.552713678800501e-15,0.0,66.64147167217686,43.81025383588213,0.0,0.0,0.0,0.0,0.0,0.0,456.6526213163437,0.0,0.0,0.0
26,6.5,R1Z3,193.38953519293588,0.0,0.0,19.012727803607245,25.75757654711602,-3.552713678800501e-15,0.0,0.0,0.0,0.0,0.0,0.0,0.0,0.0,0.0,0.0,0.0,0.0,0.0
26,6.5,R2Z1,123.35460977292173,0.0,306.27717254350136,72.16346488155081,23.42695907638715,0.0,0.0,0.0,0.0,0.0,0.0,0.0,31.31941745577964,0.0,0.0,347.64739111042365,0.0,0.0,0.0
26,6.5,R2Z2,206.28276922351085,0.0,0.0,16.546701438681765,48.56438860738098,0.0,0.0,0.0,87.62050767176426,0.0,0.0,0.0,23.06009247883119,0.0,0.0,0.0,0.0,0.0,0.0
26,6.5,R2Z3,188.2019480964548,0.0,0.0,21.718985252469523,96.79942067236867,0.0,0.0,0.0,0.0,0.0,0.0,0.0,0.0,0.0,0.0,0.0,0.0,0.0,0.0
27,6.75,R1Z1,186.82443044603602,0.0,0.0,65.9945230827998,17.1386412609583,0.0,0.0,220.0,0.0,0.0,0.0,0.0,0.0,0.0,0.0,466.63742216471263,0.0,0.0,0.0
27,6.75,R1Z2,196.69537285434555,0.0,0.0,20.15761785678336,19.949113814646097,0.0,0.0,67.37022832586075,46.90071072259311,0.0,0.0,0.0,0.0,0.0,0.0,456.3402313286384,0.0,0.0,0.0
27,6.75,R1Z3,200.72267474883566,0.0,0.0,24.896245456165232,53.9078952173447,-3.552713678800501e-15,0.0,0.0,0.0,0.0,0.0,0.0,0.0,0.0,0.0,0.0,0.0,0.0,0.0
27,6.75,R2Z1,138.1121061757608,0.0,135.0,63.57835527716949,47.20057212576455,7.105427357601002e-15,0.0,0.0,0.0,0.0,0.0,0.0,31.288435419368753,0.0,0.0,347.4095701516351,0.0,0.0,0.0
27,6.75,R2Z2,211.9129853265911,0.0,0.0,18.770689273977297,112.48793795875855,0.0,0.0,0.0,93.80142144518622,0.0,0.0,0.0,23.037280795765046,0.0,0.0,0.0,0.0,0.0,0.0
27,6.75,R2Z3,204.83909328762547,0.0,0.0,24.257104968572264,107.69560605261486,1.0658141036401503e-14,0.0,0.0,0.0,0.0,0.0,0.0,0.0,0.0,0.0,0.0,0.0,0.0,0.0
28,7.0,R1Z1,206.65658080956118,0.0,0.0,64.9389990291908,171.46733457301417,0.0,0.0,9.069815470160478,0.0,0.0,0.0,0.0,0.0,0.0,0.0,466.3182017074805,0.0,0.0,0.0
28,7.0,R1Z2,218.97712934299017,0.0,0.0,26.591345740657907,23.768604601530484,0.0,0.0,90.42582580863657,47.1238175851447,0.0,0.0,0.0,0.0,0.0,0.0,456.028055042771,0.0,0.0,0.0
28,7.0,R1Z3,205.931246342806,0.0,0.0,23.052023545538823,19.848917090266276,0.0,0.0,0.0,0.0,0.0,0.0,0.0,0.0,0.0,0.0,0.0,0.0,0.0,0.0
28,7.0,R2Z1,140.61664486383233,0.0,320.61266639398946,72.0747754295482,21.77280286148528,-1.4210854715202004e-14,0.0,0.0,0.0,0.0,0.0,0.0,31.25748403124759,0.0,0.0,347.17191188300296,0.0,0.0,0.0
28,7.0,R2Z2,257.84868105629045,0.0,0.0,17.380686287648373,67.06982849292804,-3.552713678800501e-15,0.0,0.0,94.2476351702894,0.0,0.0,0.0,23.014491678648486,0.0,0.0,0.0,0.0,0.0,0.0
28,7.0,R2Z3,218.73246123152168,0.0,0.0,26.104844348699174,153.21282121827366,-1.0658141036401503e-14,0.0,0.0,0.0,0.0,0.0,0.0,0.0,0.0,0.0,0.0,0.0,0.0,0.0
29,7.25,R1Z1,202.2187314288082,0.0,0.0,86.87787759841373,121.28090715078096,1.4210854715202004e-14,0.0,51.710430977771665,0.0,0.0,0.0,0.0,0.0,0.0,0.0,465.9991996247196,0.0,0.0,0.0
29,7.25,R1Z2,217.56095123313543,0.0,0.0,28.60351543976615,24.000136069810743,0.0,0.0,159.14388011808848,50.079538014600345,0.0,0.0,0.0,0.0,0.0,0.0,455.71609231255076,0.0,0.0,0.0
29,7.25,R1Z3,207.32507626201354,0.0,0.0,29.1966751751831,4.656022907414073,0.0,0.0,0.0,0.0,0.0,0.0,0.0,0.0,0.0,0.0,0.0,0.0,0.0,0.0
29,7.25,R2Z1,140.12510072655763,0.0,135.0,72.19930988290004,49.14685801439205,0.0,0.0,0.0,0.0,0.0,0.0,0.0,31.22656326109801,0.0,0.0,346.93441619323306,0.0,0.0,0.0
29,7.25,R2Z2,226.50484831962163,0.0,0.0,20.493041696082415,79.77075298455999,0.0,0.0,0.0,100.15907602920069,0.0,0.0,0.0,22.991725105158647,0.0,0.0,0.0,0.0,0.0,0.0
29,7.25,R2Z3,192.8613449507427,0.0,0.0,25.16015943320494,149.11787142870978,0.0,0.0,0.0,0.0,0.0,0.0,0.0,0.0,0.0,0.0,0.0,0.0,0.0,0.0
30,7.5,R1Z1,180.99482304252413,0.0,0.0,81.85774542849708,163.21288528660574,-1.4210854715202004e-14,0.0,0.0,0.0,0.0,0.0,0.0,0.0,0.0,0.0,465.6804157670428,0.0,0.0,0.0
30,7.5,R1Z2,186.24099413061774,0.0,0.0,33.66262957348314,26.475396295738214,0.0,0.0,98.6952985977631,51.939722471132924,0.0,0.0,0.0,0.0,0.0,0.0,455.4043429918872,0.0,0.0,0.0
30,7.5,R1Z3,176.70592673074862,0.0,0.0,26.658224568957273,31.10522989093881,0.0,0.0,0.0,0.0,0.0,0.0,0.0,0.0,0.0,0.0,0.0,0.0,0.0,0.0
30,7.5,R2Z1,146.0922550273716,0.0,135.0,78.92761231359216,38.18571023615397,0.0,0.0,0.0,0.0,0.0,0.0,0.0,31.195673078631874,0.0,0.0,346.69708297110736,0.0,0.0,0.0
30,7.5,R2Z2,234.6747132718482,0.0,0.0,20.666073257065477,85.12552352189823,3.552713678800501e-15,0.0,0.0,103.87944494226585,0.0,0.0,0.0,22.96898105299475,0.0,0.0,0.0,0.0,0.0,0.0
30,7.5,R2Z3,182.92364154533865,0.0,0.0,27.270205021344523,104.97065234301247,-3.552713678800501e-15,0.0,0.0,0.0,0.0,0.0,0.0,0.0,0.0,0.0,0.0,0.0,0.0,0.0
31,7.75,R1Z1,214.4447611268097,0.0,0.0,100.98540712373878,118.84777865086971,0.0,0.0,33.43114361500548,0.0,0.0,0.0,0.0,0.0,0.0,0.0,465.3618499851653,0.0,0.0,0.0
31,7.75,R1Z2,176.50091588826226,0.0,0.0,28.767402950065694,32.365722053225106,0.0,0.0,9.55723047073866,44.835842978197235,0.0,0.0,0.0,0.0,0.0,0.0,455.0928069347896,0.0,0.0,0.0
31,7.75,R1Z3,212.74515591636163,0.0,0.0,28.46902611141607,51.15300592695978,0.0,0.0,0.0,0.0,0.0,0.0,0.0,0.0,0.0,0.0,0.0,0.0,0.0,0.0
31,7.75,R2Z1,132.93732872172964,0.0,319.3689786567759,79.54627539898873,43.439806598231726,0.0,0.0,0.0,0.0,0.0,0.0,0.0,31.164813453590988,0.0,0.0,346.45991210548397,0.0,0.0,0.0
31,7.75,R2Z2,241.8226413673756,0.0,0.0,24.771479375864658,81.3140170306472,0.0,0.0,0.0,89.67168595639447,0.0,0.0,0.0,22.946259499878074,0.0,0.0,0.0,0.0,0.0,0.0
31,7.75,R2Z3,168.59918626243066,0.0,0.0,29.339473845385,31.185712540465346,3.552713678800501e-15,0.0,0.0,0.0,0.0,0.0,0.0,0.0,0.0,0.0,0.0,0.0,0.0,0.0
32,8.0,R1Z1,183.35451181925146,0.0,0.0,86.38075341419932,59.09562797193138,-1.4210854715202004e-14,0.0,65.62456430981757,0.0,0.0,0.0,0.0,0.0,0.0,0.0,465.0435021299043,0.0,0.0,0.0
32,8.0,R1Z2,176.97711240588006,0.0,0.0,33.9939721315591,38.57805169117831,0.0,0.0,220.0,43.51517980827542,0.0,0.0,0.0,0.0,0.0,0.0,454.7814839953673,0.0,0.0,0.0
32,8.0,R1Z3,200.62120593521036,0.0,0.0,32.18389004283487,14.278852532212426,0.0,0.0,0.0,0.0,0.0,0.0,0.0,0.0,0.0,0.0,0.0,0.0,0.0,0.0
32,8.0,R2Z1,142.58865826063766,0.0,135.0,91.9098343218792,38.861201242918696,-1.4210854715202004e-14,0.0,0.0,0.0,0.0,0.0,0.0,31.133984355747103,0.0,0.0,346.22290348529685,0.0,0.0,0.0
32,8.0,R2Z2,269.31817766310485,0.0,0.0,26.671310383721703,82.96101389854644,3.552713678800501e-15,0.0,0.0,87.03035961655084,0.0,0.0,0.0,22.923560423551937,0.0,0.0,0.0,0.0,0.0,0.0
32,8.0,R2Z3,188.71588658586614,0.0,0.0,32.92558002744046,72.56536127688481,0.0,0.0,0.0,0.0,0.0,0.0,0.0,0.0,0.0,0.0,0.0,0.0,0.0,0.0
33,8.25,R1Z1,166.26771919306367,0.0,0.0,107.28567309718774,29.89216807756212,0.0,0.0,0.0,0.0,0.0,0.0,0.0,0.0,0.0,0.0,464.7253720521791,0.0,0.0,0.0
33,8.25,R1Z2,202.2870343590931,0.0,0.0,34.48669515789878,21.97705503455233,0.0,0.0,119.89621303723786,48.03431886212876,0.0,0.0,0.0,0.0,0.0,0.0,454.4703740278292,0.0,0.0,0.0
33,8.25,R1Z3,208.33476320218483,0.0,0.0,31.910320102421892,28.128800334135008,3.552713678800501e-15,0.0,0.0,0.0,0.0,0.0,0.0,0.0,0.0,0.0,0.0,0.0,0.0,0.0
33,8.25,R2Z1,153.72072270979174,0.0,236.43843050708793,88.24653735390547,39.385194940517984,-1.4210854715202004e-14,0.0,0.0,0.0,0.0,0.0,0.0,31.103185754901872,0.0,0.0,345.9860569995561,0.0,0.0,0.0
33,8.25,R2Z2,248.53431000454236,0.0,0.0,28.46728706457008,38.82571226769844,3.552713678800501e-15,0.0,0.0,96.06863772425751,0.0,0.0,0.0,22.900883801781674,0.0,0.0,0.0,0.0,0.0,0.0
33,8.25,R2Z3,177.05613268991956,0.0,0.0,33.554740796125316,173.60289780130805,-7.105427357601002e-15,0.0,0.0,0.0,0.0,0.0,0.0,0.0,0.0,0.0,0.0,0.0,0.0,0.0
34,8.5,R1Z1,204.11720136807065,0.0,0.0,94.8524283987231,97.54069074046694,1.4210854715202004e-14,0.0,0.0,0.0,0.0,0.0,0.0,0.0,0.0,0.0,464.40745960301103,0.0,0.0,0.0
34,8.5,R1Z2,222.99190919940594,0.0,0.0,34.513992407817916,30.51442509919,0.0,0.0,132.84223462307983,38.251433608734544,0.0,0.0,0.0,0.0,0.0,0.0,454.1594768864842,0.0,0.0,0.0
34,8.5,R1Z3,222.4643640725213,0.0,0.0,37.741527921142165,28.038468789626325,0.0,0.0,0.0,0.0,0.0,0.0,0.0,0.0,0.0,0.0,0.0,0.0,0.0,0.0
34,8.5,R2Z1,143.74886673628447,0.0,345.43837516412225,100.16205963325983,36.44073238104896,0.0,0.0,0.0,0.0,0.0,0.0,0.0,31.072417620886814,0.0,0.0,345.74937253734777,0.0,0.0,0.0
34,8.5,R2Z2,216.88267046554145,0.0,0.0,29.149984145256767,58.26257069183505,-3.552713678800501e-15,0.0,0.0,76.50286721746909,0.0,0.0,0.0,22.87822961235462,0.0,0.0,0.0,0.0,0.0,0.0
34,8.5,R2Z3,214.3659681249486,0.0,0.0,36.308210178639726,48.010978966359914,0.0,0.0,0.0,0.0,0.0,0.0,0.0,0.0,0.0,0.0,0.0,0.0,0.0,0.0
35,8.75,R1Z1,182.45584161200193,0.0,0.0,128.10053112624738,14.69047157836412,0.0,0.0,0.0,0.0,0.0,0.0,0.0,0.0,0.0,0.0,464.0897646335232,0.0,0.0,0.0
35,8.75,R1Z2,210.12800552994193,0.0,0.0,35.81471981051314,60.09338512224785,0.0,0.0,203.04235167554208,51.09551821349199,0.0,0.0,0.0,0.0,0.0,0.0,453.8487924257406,0.0,0.0,0.0
35,8.75,R1Z3,213.46599182789197,0.0,0.0,35.23821516623901,29.39839935459286,0.0,0.0,0.0,0.0,0.0,0.0,0.0,0.0,0.0,0.0,0.0,0.0,0.0,0.0
35,8.75,R2Z1,179.50655214173204,0.0,135.0,108.21580378142984,14.609556991647551,0.0,0.0,0.0,0.0,0.0,0.0,0.0,31.041679923563297,0.0,0.0,345.51284998783365,0.0,0.0,0.0
35,8.75,R2Z2,234.26195215120222,0.0,0.0,28.828464456009357,130.5399357513393,-1.4210854715202004e-14,0.0,0.0,102.19103642698398,0.0,0.0,0.0,22.855597833080072,0.0,0.0,0.0,0.0,0.0,0.0
35,8.75,R2Z3,204.35679063525652,0.0,0.0,37.24262679707935,110.07411764629886,7.105427357601002e-15,0.0,0.0,0.0,0.0,0.0,0.0,0.0,0.0,0.0,0.0,0.0,0.0,0.0
36,9.0,R1Z1,203.8573361369631,0.0,0.0,118.5375571698592,13.410078352483216,-1.4210854715202004e-14,0.0,110.72926887742497,0.0,0.0,0.0,0.0,0.0,0.0,0.0,463.7722869949407,0.0,0.0,0.0
36,9.0,R1Z2,174.90519381691374,0.0,0.0,30.773617511161355,16.228502460835628,0.0,0.0,7.144033869785915,44.6604661619405,0.0,0.0,0.0,0.0,0.0,0.0,453.5383205001065,0.0,0.0,0.0
36,9.0,R1Z3,206.14112854841096,0.0,0.0,41.62219282013724,46.51966822744269,0.0,0.0,0.0,0.0,0.0,0.0,0.0,0.0,0.0,0.0,0.0,0.0,0.0,0.0
36,9.0,R2Z1,151.94576122499922,0.0,336.54273363603403,108.53765628380836,26.568353190138822,0.0,0.0,0.0,0.0,0.0,0.0,0.0,31.010972632822504,0.0,0.0,345.2764892402514,0.0,0.0,0.0
36,9.0,R2Z2,256.4430733860106,0.0,0.0,30.419554404362025,44.62157220539414,0.0,0.0,0.0,89.320932323881,0.0,0.0,0.0,22.83298844178929,0.0,0.0,0.0,0.0,0.0,0.0
36,9.0,R2Z3,180.53206238662577,0.0,0.0,39.36013611223764,68.82823189299671,0.0,0.0,0.0,0.0,0.0,0.0,0.0,0.0,0.0,0.0,0.0,0.0,0.0,0.0
37,9.25,R1Z1,198.13569733315995,0.0,0.0,119.44003194230879,132.6026024542026,1.4210854715202004e-14,0.0,33.316707942285774,0.0,0.0,0.0,0.0,0.0,0.0,0.0,463.4550265385904,0.0,0.0,0.0
37,9.25,R1Z2,193.64569115824398,0.0,0.0,36.98295729700029,27.393123177340335,0.0,0.0,0.0,40.226492727351086,0.0,0.0,0.0,0.0,0.0,0.0,453.22806096418947,0.0,0.0,0.0
37,9.25,R1Z3,191.85663004138345,0.0,0.0,45.0,73.90325761564652,0.0,0.0,0.0,0.0,0.0,0.0,0.0,0.0,0.0,0.0,0.0,0.0,0.0,0.0
37,9.25,R2Z1,165.8454893765104,0.0,135.0,111.04743928915728,66.55128053429452,0.0,0.0,0.0,0.0,0.0,0.0,0.0,30.980295718585396,0.0,0.0,345.0402901839145,0.0,0.0,0.0
37,9.25,R2Z2,234.15518781605783,0.0,0.0,33.920609555255325,92.99847353542445,-7.105427357601002e-15,0.0,0.0,80.45298545470217,0.0,0.0,0.0,22.81040141633546,0.0,0.0,0.0,0.0,0.0,0.0
37,9.25,R2Z3,170.37983265147255,0.0,0.0,42.25903325791208,82.92353359394693,-7.105427357601002e-15,0.0,0.0,0.0,0.0,0.0,0.0,0.0,0.0,0.0,0.0,0.0,0.0,0.0
38,9.5,R1Z1,176.88924770610106,0.0,0.0,118.49063593330544,59.41044400743604,0.0,0.0,7.547746936743849,0.0,0.0,0.0,0.0,0.0,0.0,0.0,463.13798311590074,0.0,0.0,0.0
38,9.5,R1Z2,197.48862313275484,0.0,0.0,38.007866415143134,0.0,0.0,0.0,220.0,33.753918776267426,0.0,0.0,0.0,0.0,0.0,0.0,452.91801367269653,0.0,0.0,0.0
38,9.5,R1Z3,208.78357739294617,0.0,0.0,37.839290470082275,10.691680323335913,7.105427357601002e-15,0.0,0.0,0.0,0.0,0.0,0.0,0.0,0.0,0.0,0.0,0.0,0.0,0.0
38,9.5,R2Z1,178.7496515369345,0.0,232.5798570981894,110.48182134612894,21.663826913270654,0.0,0.0,0.0,0.0,0.0,0.0,0.0,30.949649150802696,0.0,0.0,344.8042527082122,0.0,0.0,0.0
38,9.5,R2Z2,231.12679051162598,0.0,0.0,33.322335576792995,50.19053334236372,0.0,0.0,0.0,67.50783755253485,0.0,0.0,0.0,22.78783673459367,0.0,0.0,0.0,0.0,0.0,0.0
38,9.5,R2Z3,169.20614190441373,0.0,0.0,41.804900327093904,78.95133716608773,7.105427357601002e-15,0.0,0.0,0.0,0.0,0.0,0.0,0.0,0.0,0.0,0.0,0.0,0.0,0.0
39,9.75,R1Z1,208.23462411192975,0.0,0.0,135.00000000000003,155.95062820803466,-2.842170943040401e-14,0.0,0.0,0.0,0.0,0.0,0.0,0.0,0.0,0.0,462.8211565784019,0.0,0.0,0.0
39,9.75,R1Z2,182.79688074149726,0.0,0.0,38.42757098178484,17.604785207511313,0.0,0.0,22.48922182102683,31.53340396474141,0.0,0.0,0.0,0.0,0.0,0.0,452.60817848043405,0.0,0.0,0.0
39,9.75,R1Z3,202.00766074194917,0.0,0.0,45.00000000000001,35.651718194360676,-7.105427357601002e-15,0.0,0.0,0.0,0.0,0.0,0.0,0.0,0.0,0.0,0.0,0.0,0.0,0.0
39,9.75,R2Z1,177.82832565733858,0.0,262.9914369378166,118.03040095676135,33.4046888771814,-1.4210854715202004e-14,0.0,0.0,0.0,0.0,0.0,0.0,30.919032899454848,0.0,0.0,344.56837670260916,0.0,0.0,0.0
39,9.75,R2Z2,252.347493042663,0.0,0.0,36.62608080744495,59.20789865406887,0.0,0.0,0.0,63.06680792948282,0.0,0.0,0.0,22.765294374460908,0.0,0.0,0.0,0.0,0.0,0.0
39,9.75,R2Z3,191.0979011034052,0.0,0.0,44.86494081163919,114.463302046928,7.105427357601002e-15,0.0,0.0,0.0,0.0,0.0,0.0,0.0,0.0,0.0,0.0,0.0,0.0,0.0
40,10.0,R1Z1,194.0780524979073,0.0,0.0,135.00000000000003,159.33774579575103,-2.842170943040401e-14,0.0,108.55518818778762,0.0,0.0,0.0,0.0,0.0,0.0,0.0,462.5045467777256,0.0,0.0,0.0
40,10.0,R1Z2,186.89972020665465,0.0,0.0,45.00000000000001,39.31454594524737,-7.105427357601002e-15,0.0,30.88002865027576,44.51523403526508,0.0,0.0,0.0,0.0,0.0,0.0,452.29855524230777,0.0,0.0,0.0
40,10.0,R1Z3,209.219059300495,0.0,0.0,42.31112956234009,0.0,0.0,0.0,0.0,0.0,0.0,0.0,0.0,0.0,0.0,0.0,0.0,0.0,0.0,0.0
40,10.0,R2Z1,203.37781016648506,0.0,135.0,120.2054088075953,31.762023993462844,1.4210854715202004e-14,0.0,0.0,0.0,0.0,0.0,0.0,30.888446934551993,0.0,0.0,344.3326620566459,0.0,0.0,0.0
40,10.0,R2Z2,193.23669840998954,0.0,0.0,34.67194417642311,7.067859880193068,0.0,0.0,0.0,89.03046807053016,0.0,0.0,0.0,22.742774313856014,0.0,0.0,0.0,0.0,0.0,0.0
40,10.0,R2Z3,153.1416564897011,0.0,0.0,43.40437855008666,73.89704141627449,-7.105427357601002e-15,0.0,0.0,0.0,0.0,0.0,0.0,0.0,0.0,0.0,0.0,0.0,0.0,0.0
41,10.25,R1Z1,175.72434910547196,0.0,0.0,131.38389355056992,3.3584185855364423,0.0,0.0,79.80160523216986,0.0,0.0,0.0,0.0,0.0,0.0,0.0,462.18815356560503,0.0,0.0,0.0
41,10.25,R1Z2,188.4215972482671,0.0,0.0,41.4506850240153,8.726037137914426,0.0,0.0,56.84458541949175,40.61265651763399,0.0,0.0,0.0,0.0,0.0,0.0,451.9891438133227,0.0,0.0,0.0
41,10.25,R1Z3,202.81803245097356,0.0,0.0,45.0,4.507824286163843,0.0,0.0,0.0,0.0,0.0,0.0,0.0,0.0,0.0,0.0,0.0,0.0,0.0,0.0
41,10.25,R2Z1,156.23832491214955,0.0,337.32944316263354,122.27017041714049,27.730109642551007,0.0,0.0,0.0,0.0,0.0,0.0,0.0,30.85789122613394,0.0,0.0,344.0971086599385,0.0,0.0,0.0
41,10.25,R2Z2,229.80316268179087,0.0,0.0,36.86780981851999,42.51763012957399,0.0,0.0,0.0,81.22531303526797,0.0,0.0,0.0,22.72027653071968,0.0,0.0,0.0,0.0,0.0,0.0
41,10.25,R2Z3,173.13787988832348,0.0,0.0,45.00000000000001,21.517164327794,-7.105427357601002e-15,0.0,0.0,0.0,0.0,0.0,0.0,0.0,0.0,0.0,0.0,0.0,0.0,0.0
42,10.5,R1Z1,180.0643384903002,0.0,0.0,135.0,127.05473403708925,0.0,0.0,40.782988986049375,0.0,0.0,0.0,0.0,0.0,0.0,0.0,461.8719767938749,0.0,0.0,0.0
42,10.5,R1Z2,173.26080032530766,0.0,0.0,45.0,9.2694644693367,0.0,0.0,42.84775918643661,48.02643114772356,0.0,0.0,0.0,0.0,0.0,0.0,451.679944048583,0.0,0.0,0.0
42,10.5,R1Z3,210.1734707979224,0.0,0.0,45.0,38.05208712304581,0.0,0.0,0.0,0.0,0.0,0.0,0.0,0.0,0.0,0.0,0.0,0.0,0.0,0.0
42,10.5,R2Z1,186.62725049885972,0.0,135.0,122.51975924614538,17.095191113973726,-1.4210854715202004e-14,0.0,0.0,0.0,0.0,0.0,0.0,30.82736574427014,0.0,0.0,343.86171640217844,0.0,0.0,0.0
42,10.5,R2Z2,204.79446220336496,0.0,0.0,37.782102249333164,66.65881610260081,0.0,0.0,0.0,96.05286229544711,0.0,0.0,0.0,22.697801003014412,0.0,0.0,0.0,0.0,0.0,0.0
42,10.5,R2Z3,130.53357875248682,0.0,0.0,45.00000000000001,34.311705111060256,-7.105427357601002e-15,0.0,0.0,0.0,0.0,0.0,0.0,0.0,0.0,0.0,0.0,0.0,0.0,0.0
43,10.75,R1Z1,179.04274262518072,0.0,0.0,135.0,0.0,0.0,0.0,38.47276445040425,0.0,0.0,0.0,0.0,0.0,0.0,67.13928773978274,443.56079832299565,0.0,0.0,0.0
43,10.75,R1Z2,197.26232403770433,0.0,0.0,42.100725508250136,50.92562816968034,-7.105427357601002e-15,0.0,60.41177459803259,38.940034720624574,0.0,0.0,0.0,0.0,0.0,0.0,451.3709558032921,0.0,0.0,0.0
43,10.75,R1Z3,212.10923455902423,0.0,0.0,40.34556057921383,12.968620866869669,0.0,0.0,0.0,0.0,0.0,0.0,0.0,0.0,0.0,0.0,0.0,0.0,0.0,0.0
43,10.75,R2Z1,185.8609526761996,0.0,135.0,125.8634504679663,33.7863340785412,0.0,0.0,0.0,0.0,0.0,0.0,0.0,30.79687045905964,0.0,80.0,322.1842344763768,0.0,0.0,0.0
43,10.75,R2Z2,245.26064517578175,0.0,0.0,38.18217155262078,29.0312089759066,0.0,0.0,0.0,77.88006944124915,0.0,0.0,0.0,22.675347708724523,0.0,0.0,0.0,0.0,0.0,0.0
43,10.75,R2Z3,150.0392486712552,0.0,0.0,44.999999999999986,118.52751659600371,1.4210854715202004e-14,0.0,0.0,0.0,0.0,0.0,0.0,0.0,0.0,0.0,0.0,0.0,0.0,0.0
44,11.0,R1Z1,186.53306193418936,0.0,0.0,135.0,38.09706091745423,0.0,0.0,38.07763744537842,0.0,0.0,0.0,0.0,0.0,0.0,80.0,421.8151135806073,0.0,0.0,0.0
44,11.0,R1Z2,178.88771075095204,0.0,0.0,43.87762542529426,44.647361751610724,0.0,0.0,38.07763744537842,10.06007542592027,0.0,0.0,0.0,0.0,0.0,80.0,429.61992823599627,0.0,0.0,0.0
44,11.0,R1Z3,218.68943521892777,0.0,0.0,44.127000032770255,19.247017898317086,0.0,0.0,0.0,0.0,0.0,0.0,0.0,0.0,0.0,0.0,0.0,0.0,0.0,0.0
44,11.0,R2Z1,185.7167196268848,0.0,135.0,130.54970880198783,40.07827611729682,0.0,0.0,0.0,0.0,0.0,0.0,0.0,30.766405340631078,0.0,52.21572693071491,307.96854868502396,0.0,0.0,0.0
44,11.0,R2Z2,177.34282657047763,0.0,0.0,39.51901786176118,0.0,0.0,0.0,0.0,20.12015085184054,0.0,0.0,0.0,22.652916625856104,0.0,0.0,0.0,0.0,0.0,0.0
44,11.0,R2Z3,186.5193286286506,0.0,0.0,44.999999999999986,99.9947858243573,1.4210854715202004e-14,0.0,0.0,0.0,0.0,0.0,0.0,0.0,0.0,0.0,0.0,0.0,0.0,0.0
45,11.25,R1Z1,197.57606312299617,0.0,0.0,135.0,56.958369067153136,0.0,0.0,40.04946076827982,0.0,0.0,0.0,0.0,0.0,0.0,40.474738776763026,410.6781867721165,0.0,0.0,0.0
45,11.25,R1Z2,178.4333638757058,0.0,0.0,45.0,0.0,0.0,0.0,40.04946076827982,45.05976270534465,0.0,0.0,0.0,0.0,0.0,80.0,407.88378025751075,0.0,0.0,0.0
45,11.25,R1Z3,209.3760809746496,0.0,0.0,43.06609037797634,43.12123788350857,0.0,0.0,0.0,0.0,0.0,0.0,0.0,0.0,0.0,0.0,0.0,0.0,0.0,0.0
45,11.25,R2Z1,180.63494657983844,0.0,135.0,129.97877752833458,10.217075368450729,0.0,0.0,0.0,0.0,0.0,0.0,0.0,30.735970359142634,0.0,10.301255696841539,304.99684515557743,0.0,0.0,0.0
45,11.25,R2Z2,218.53304926286341,0.0,0.0,42.642473037287296,57.072402390491696,-7.105427357601002e-15,0.0,0.0,90.1195254106893,0.0,0.0,0.0,22.630507732437,0.0,0.0,0.0,0.0,0.0,0.0
45,11.25,R2Z3,162.36755606085634,0.0,0.0,44.99999999999999,57.81043009750926,7.105427357601002e-15,0.0,0.0,0.0,0.0,0.0,0.0,0.0,0.0,0.0,0.0,0.0,0.0,0.0
46,11.5,R1Z1,163.52995383279517,0.0,0.0,135.0,88.24520082365245,0.0,0.0,37.4870138643892,0.0,0.0,0.0,0.0,0.0,0.0,44.71346913017321,398.4127796012838,0.0,0.0,0.0
46,11.5,R1Z2,181.5702776835092,0.0,0.0,39.82529439958307,38.90864603103526,-7.105427357601002e-15,0.0,37.4870138643892,32.39369527340982,0.0,0.0,0.0,0.0,0.0,0.0,407.6047523856625,0.0,0.0,0.0
46,11.5,R1Z3,197.18074042412965,0.0,0.0,44.76457482017217,32.05924936278382,0.0,0.0,0.0,0.0,0.0,0.0,0.0,0.0,0.0,0.0,0.0,0.0,0.0,0.0
46,11.5,R2Z1,195.52275699464388,0.0,135.0,135.0,8.71728499718469,0.0,0.0,0.0,0.0,0.0,0.0,0.0,30.70556548478201,0.0,0.0,304.78820086829916,0.0,0.0,0.0
46,11.5,R2Z2,215.35758380714745,0.0,0.0,38.96010030111063,56.87471800882753,0.0,0.0,0.0,64.78739054681964,0.0,0.0,0.0,22.60812100651679,0.0,0.0,0.0,0.0,0.0,0.0
46,11.5,R2Z3,177.42753937575372,0.0,0.0,44.999999999999986,115.3652006944484,1.4210854715202004e-14,0.0,0.0,0.0,0.0,0.0,0.0,0.0,0.0,0.0,0.0,0.0,0.0,0.0
47,11.75,R1Z1,161.01152386209654,0.0,0.0,135.0,59.58955334451765,0.0,0.0,36.562769167768245,0.0,0.0,0.0,0.0,0.0,0.0,0.0,398.1402307150812,0.0,0.0,0.0
47,11.75,R1Z2,140.45603123478838,0.0,0.0,43.33229412177418,52.512662643861646,0.0,0.0,36.562769167768245,33.42575426961008,0.0,0.0,0.0,0.0,0.0,6.277060882367749,405.6434864795905,0.0,0.0,0.0
47,11.75,R1Z3,213.9005392262608,0.0,0.0,42.13321802650355,0.0,0.0,0.0,0.0,0.0,0.0,0.0,0.0,0.0,0.0,0.0,0.0,0.0,0.0,0.0
47,11.75,R2Z1,214.2560187357148,0.0,135.0,133.32538324249822,28.1697338971497,0.0,0.0,0.0,0.0,0.0,0.0,0.0,30.675190687766403,0.0,0.0,304.5796993118042,0.0,0.0,0.0
47,11.75,R2Z2,195.47707124576294,0.0,0.0,41.20655779707243,60.53112622368844,-7.105427357601002e-15,0.0,0.0,66.85150853922016,0.0,0.0,0.0,22.585756426166764,0.0,0.0,0.0,0.0,0.0,0.0
47,11.75,R2Z3,128.21925754265536,0.0,0.0,44.999999999999986,97.84005052347852,1.4210854715202004e-14,0.0,0.0,0.0,0.0,0.0,0.0,0.0,0.0,0.0,0.0,0.0,0.0,0.0
48,12.0,R1Z1,166.71264659413197,0.0,0.0,135.00000000000003,128.8815316872045,-2.842170943040401e-14,0.0,35.275416144875,0.0,0.0,0.0,0.0,0.0,0.0,0.0,397.86786827594847,0.0,0.0,0.0
48,12.0,R1Z2,206.46442373913877,0.0,0.0,42.472612167112274,15.629065565254596,-7.105427357601002e-15,0.0,35.275416144875,41.73807037396926,0.0,0.0,0.0,0.0,0.0,57.72816867079766,389.89321785163605,0.0,0.0,0.0
48,12.0,R1Z3,197.16677753184658,0.0,0.0,44.99999999999999,37.16110535004925,7.105427357601002e-15,0.0,0.0,0.0,0.0,0.0,0.0,0.0,0.0,0.0,0.0,0.0,0.0,0.0
48,12.0,R2Z1,211.41456662987164,0.0,135.0,135.0,42.332087455013024,0.0,0.0,0.0,0.0,0.0,0.0,0.0,30.644845938342467,0.0,0.0,304.37134038845227,0.0,0.0,0.0
48,12.0,R2Z2,197.22963381316512,0.0,0.0,39.35153615180698,68.37367197663313,0.0,0.0,0.0,83.47614074793852,0.0,0.0,0.0,22.56341396947992,0.0,0.0,0.0,0.0,0.0,0.0
48,12.0,R2Z3,151.87247622700556,0.0,0.0,45.0,8.165702099630414,0.0,0.0,0.0,0.0,0.0,0.0,0.0,0.0,0.0,0.0,0.0,0.0,0.0,0.0
49,12.25,R1Z1,165.6498583848133,0.0,0.0,135.0,96.25348232828385,0.0,0.0,0.0,0.0,0.0,0.0,0.0,0.0,0.0,0.0,397.59569215633974,0.0,0.0,0.0
49,12.25,R1Z2,153.43227006458648,0.0,0.0,45.0,19.39442375547539,0.0,0.0,0.0,37.14993171199513,0.0,0.0,0.0,0.0,3.349192945530234,0.0,390.4074768874934,0.0,0.0,0.0
49,12.25,R1Z3,188.15985378109085,0.0,0.0,45.0,53.203699126048335,0.0,0.0,0.0,0.0,0.0,0.0,0.0,0.0,0.0,0.0,0.0,0.0,0.0,0.0
49,12.25,R2Z1,190.58975195993168,0.0,135.0,132.56888377956366,15.625601337277892,0.0,0.0,0.0,0.0,0.0,0.0,0.0,30.614531206786292,0.0,0.0,304.16312400067,0.0,0.0,0.0
49,12.25,R2Z2,208.86813426666436,0.0,0.0,41.14752174278084,66.02968419952111,0.0,0.0,0.0,74.29986342399026,0.0,0.0,0.0,22.541093614570915,0.0,0.0,0.0,0.0,0.0,0.0
49,12.25,R2Z3,117.11293275547172,0.0,0.0,45.000000000000014,86.4889027531522,-1.4210854715202004e-14,0.0,0.0,0.0,0.0,0.0,0.0,0.0,0.0,0.0,0.0,0.0,0.0,0.0
50,12.5,R1Z1,170.6422202556202,0.0,0.0,135.0,25.527071703382227,0.0,0.0,82.43906885054858,0.0,0.0,0.0,0.0,0.0,0.0,32.43540966285262,388.6300999107604,0.0,0.0,0.0
50,12.5,R1Z2,198.36462184081026,0.0,0.0,41.83047669366041,0.49936604025200726,0.0,0.0,82.43906885054858,20.077603902463242,0.0,0.0,0.0,0.0,0.0,0.0,390.1404043224583,0.0,0.0,0.0
50,12.5,R1Z3,188.15029870845117,0.0,0.0,45.0,37.227984779221785,0.0,0.0,0.0,0.0,0.0,0.0,0.0,0.0,0.0,0.0,0.0,0.0,0.0,0.0
50,12.5,R2Z1,180.77439267852284,0.0,135.0,130.87892756089664,61.6306351960775,0.0,0.0,0.0,0.0,0.0,0.0,0.0,30.58424646340337,0.0,0.0,303.95505005095066,0.0,0.0,0.0
50,12.5,R2Z2,179.99811404696,0.0,0.0,39.0627932789491,24.669603292072697,-7.105427357601002e-15,0.0,0.0,40.155207804926484,0.0,0.0,0.0,22.518795339576055,0.0,0.0,0.0,0.0,0.0,0.0
50,12.5,R2Z3,119.87162605652432,0.0,0.0,44.99999999999999,58.928055971037004,7.105427357601002e-15,0.0,0.0,0.0,0.0,0.0,0.0,0.0,0.0,0.0,0.0,0.0,0.0,0.0
51,12.75,R1Z1,161.49396499668885,0.0,0.0,135.0,65.43361348422889,0.0,0.0,40.25332530826926,0.0,0.0,0.0,0.0,0.0,0.0,0.0,388.3642432256875,0.0,0.0,0.0
51,12.75,R1Z2,159.69715035116351,0.0,0.0,43.29844287750237,49.48961543646652,0.0,0.0,40.25332530826927,31.891211070592696,0.0,0.0,0.0,0.0,0.0,12.603366727042925,386.49545759590956,0.0,0.0,0.0
51,12.75,R1Z3,153.67004110019633,0.0,0.0,45.0,15.1007356010206,0.0,0.0,0.0,0.0,0.0,0.0,0.0,0.0,0.0,0.0,0.0,0.0,0.0,0.0
51,12.75,R2Z1,209.7569116338373,0.0,135.0,131.1231660374599,21.10370021237732,0.0,0.0,0.0,0.0,0.0,0.0,0.0,30.553991678528572,0.0,0.0,303.7471184418543,0.0,0.0,0.0
51,12.75,R2Z2,174.2144314204223,0.0,0.0,38.03877712380548,23.778496993010407,0.0,0.0,0.0,63.78242214118539,0.0,0.0,0.0,22.496519122653275,0.0,0.0,0.0,0.0,0.0,0.0
51,12.75,R2Z3,127.83555310859842,0.0,0.0,45.0,50.51785428967568,0.0,0.0,0.0,0.0,0.0,0.0,0.0,0.0,0.0,0.0,0.0,0.0,0.0,0.0
52,13.0,R1Z1,175.76029771204549,0.0,0.0,116.0166707884199,103.58889278839354,-1.4210854715202004e-14,0.0,41.11954664904785,0.0,0.0,0.0,0.0,0.0,0.0,0.0,388.0985684096387,0.0,0.0,0.0
52,13.0,R1Z2,173.46403231526122,0.0,0.0,38.631735866959545,58.52520032274806,0.0,0.0,34.263751215427746,30.065945315461104,0.0,0.0,0.0,0.0,0.0,0.0,386.23106119126726,0.0,0.0,0.0
52,13.0,R1Z3,164.3690731098407,0.0,0.0,45.0,15.168102186429653,0.0,0.0,0.0,0.0,0.0,0.0,0.0,0.0,0.0,0.0,0.0,0.0,0.0,0.0
52,13.0,R2Z1,184.6690553153737,0.0,135.0,135.0,0.0,0.0,0.0,0.0,0.0,0.0,0.0,0.0,30.523766822526106,0.0,0.0,303.53932907600756,0.0,0.0,0.0
52,13.0,R2Z2,167.07532074517601,0.0,0.0,39.09376696231752,31.206751272903716,-7.105427357601002e-15,0.0,0.0,60.13189063092221,0.0,0.0,0.0,22.47426494198212,0.0,0.0,0.0,0.0,0.0,0.0
52,13.0,R2Z3,149.76868125363785,0.0,0.0,45.000000000000014,87.29420645230412,-1.4210854715202004e-14,0.0,0.0,0.0,0.0,0.0,0.0,0.0,0.0,0.0,0.0,0.0,0.0,0.0
53,13.25,R1Z1,150.19193343759568,0.0,0.0,135.0,114.93110646096328,0.0,0.0,0.0,0.0,0.0,0.0,0.0,0.0,57.18102638459611,0.0,401.16680303154465,0.0,0.0,0.0
53,13.25,R1Z2,113.40606024975783,0.0,0.0,41.549287600110645,27.620528840261702,0.0,0.0,0.0,36.951306323562505,0.0,0.0,0.0,0.0,0.0,0.0,385.9668456566906,0.0,0.0,0.0
53,13.25,R1Z3,179.41348931043635,0.0,0.0,43.04640080380097,44.93223316629773,0.0,0.0,0.0,0.0,0.0,0.0,0.0,0.0,0.0,0.0,0.0,0.0,0.0,0.0
53,13.25,R2Z1,195.00122390888433,0.0,135.0,132.76560793146362,19.937894168054445,0.0,0.0,0.0,0.0,0.0,0.0,0.0,30.4935718657895,0.0,0.0,303.3316818561037,0.0,0.0,0.0
53,13.25,R2Z2,184.68480764629535,0.0,0.0,39.388792641731015,52.489578119207934,0.0,0.0,0.0,73.90261264712501,0.0,0.0,0.0,22.45203277576372,0.0,0.0,0.0,0.0,0.0,0.0
53,13.25,R2Z3,127.88519286076973,0.0,0.0,45.0,65.24838509575652,0.0,0.0,0.0,0.0,0.0,0.0,0.0,0.0,0.0,0.0,0.0,0.0,0.0,0.0
54,13.5,R1Z1,150.83441470692642,0.0,0.0,131.8612092015932,0.0,0.0,0.0,42.40032620275542,0.0,0.0,0.0,0.0,0.0,0.0,0.0,400.89237015452414,0.0,0.0,0.0
54,13.5,R1Z2,158.70913293308936,0.0,0.0,39.16987804064512,32.651474249017134,7.105427357601002e-15,0.0,82.30018404520851,12.957575049996585,0.0,0.0,0.0,0.0,0.0,0.0,385.70281086844875,0.0,0.0,0.0
54,13.5,R1Z3,178.93109772150015,0.0,0.0,42.75215297678024,30.792613340796517,0.0,0.0,0.0,0.0,0.0,0.0,0.0,0.0,0.0,0.0,0.0,0.0,0.0,0.0
54,13.5,R2Z1,217.7178116372084,0.0,135.0,128.26778949442985,24.900416660163266,0.0,0.0,0.0,0.0,0.0,0.0,0.0,30.46340677874158,0.0,0.0,303.1241766849027,0.0,0.0,0.0
54,13.5,R2Z2,157.3393420752708,0.0,0.0,40.52228252625484,68.78642477408796,-7.105427357601002e-15,0.0,0.0,25.91515009999317,0.0,0.0,0.0,22.429822602220764,0.0,0.0,0.0,0.0,0.0,0.0
54,13.5,R2Z3,128.85317951032647,0.0,0.0,44.89014963826476,109.217352284335,7.105427357601002e-15,0.0,0.0,0.0,0.0,0.0,0.0,0.0,0.0,0.0,0.0,0.0,0.0,0.0
55,13.75,R1Z1,119.269269468786,0.0,0.0,124.16593482618913,55.844423990560905,0.0,0.0,69.11478937656845,0.0,0.0,0.0,0.0,0.0,0.0,0.0,400.6181250133866,0.0,0.0,0.0
55,13.75,R1Z2,158.1785442731234,0.0,0.0,41.23732376331253,20.111307555578357,0.0,0.0,36.070726967735446,18.704543820948672,0.0,0.0,0.0,0.0,0.0,4.200651038607063,384.3130640446531,0.0,0.0,0.0
55,13.75,R1Z3,140.5752513677629,0.0,0.0,39.12162849252198,14.892668340259803,0.0,0.0,0.0,0.0,0.0,0.0,0.0,0.0,0.0,0.0,0.0,0.0,0.0,0.0
55,13.75,R2Z1,207.25255617010305,0.0,135.0,132.67209577307463,21.05183814067849,0.0,0.0,0.0,0.0,0.0,0.0,0.0,30.43327153183441,0.0,0.0,302.9168134652308,0.0,0.0,0.0
55,13.75,R2Z2,166.04911138588318,0.0,0.0,35.030245684377846,63.35439243371914,0.0,0.0,0.0,37.409087641897344,0.0,0.0,0.0,22.40763439959749,0.0,0.0,0.0,0.0,0.0,0.0
55,13.75,R2Z3,148.5816224938026,0.0,0.0,43.717792701039045,48.20690461239231,-7.105427357601002e-15,0.0,0.0,0.0,0.0,0.0,0.0,0.0,0.0,0.0,0.0,0.0,0.0,0.0
56,14.0,R1Z1,114.78076274461594,0.0,0.0,128.6549878160233,156.92035043083015,-2.842170943040401e-14,0.0,0.0,0.0,0.0,0.0,0.0,0.0,0.0,0.0,400.3440674797045,0.0,0.0,0.0
56,14.0,R1Z2,152.73897213224552,0.0,0.0,39.47810754033715,21.82933657516289,0.0,0.0,0.0,25.95187083469738,0.0,0.0,0.0,0.0,59.47511882940614,0.0,397.9188350251616,0.0,0.0,0.0
56,14.0,R1Z3,122.07017404859826,0.0,0.0,37.5341616671582,18.53659593098244,7.105427357601002e-15,0.0,0.0,0.0,0.0,0.0,0.0,0.0,0.0,0.0,0.0,0.0,0.0,0.0
56,14.0,R2Z1,190.7901972718407,0.0,135.0,109.47821928665937,32.47025752100682,1.4210854715202004e-14,0.0,0.0,0.0,0.0,0.0,0.0,30.403166095549302,29.493151987435077,0.0,309.5869373014101,0.0,0.0,0.0
56,14.0,R2Z2,154.74036600074479,0.0,0.0,35.96253108873256,14.846016365700345,0.0,0.0,0.0,51.90374166939476,0.0,0.0,0.0,22.385468146159656,0.0,0.0,0.0,0.0,0.0,0.0
56,14.0,R2Z3,141.97172418697713,0.0,0.0,41.507903353751516,115.98638712142721,-1.4210854715202004e-14,0.0,0.0,0.0,0.0,0.0,0.0,0.0,0.0,0.0,0.0,0.0,0.0,0.0
57,14.25,R1Z1,127.31945711596563,0.0,0.0,126.24629684390598,77.03217416263217,1.4210854715202004e-14,0.0,80.72658283528136,0.0,0.0,0.0,0.0,0.0,0.0,0.0,400.0701974251379,0.0,0.0,0.0
57,14.25,R1Z2,139.4533260856803,0.0,0.0,39.35908527177713,9.944617913852216,0.0,0.0,9.8423327128381,29.663777656847156,0.0,0.0,0.0,0.0,0.0,0.0,397.6466240398773,0.0,0.0,0.0
57,14.25,R1Z3,134.95061706476906,0.0,0.0,34.94223041536204,21.869163474462702,0.0,0.0,0.0,0.0,0.0,0.0,0.0,0.0,0.0,0.0,0.0,0.0,0.0,0.0
57,14.25,R2Z1,198.18567626286122,0.0,135.0,113.33597665694562,19.7512204839699,1.4210854715202004e-14,0.0,0.0,0.0,0.0,0.0,0.0,30.37309044039676,0.0,0.0,309.37515299311355,0.0,0.0,0.0
57,14.25,R2Z2,164.56564107376096,0.0,0.0,34.18097202936555,14.94793065259119,0.0,0.0,0.0,59.32755531369431,0.0,0.0,0.0,22.363323820194516,0.0,0.0,0.0,0.0,0.0,0.0
57,14.25,R2Z3,185.92634914719125,0.0,0.0,42.57571992803754,101.65543039866542,-1.4210854715202004e-14,0.0,0.0,0.0,0.0,0.0,0.0,0.0,0.0,0.0,0.0,0.0,0.0,0.0
58,14.5,R1Z1,152.2506095670394,0.0,0.0,117.19185601900452,50.47572357091756,-1.4210854715202004e-14,0.0,0.0,0.0,0.0,0.0,0.0,0.0,19.95310068725169,0.0,404.44926805629603,0.0,0.0,0.0
58,14.5,R1Z2,145.40446174920984,0.0,0.0,35.086826307307916,65.64681339508857,-7.105427357601002e-15,0.0,0.0,19.582814506345475,0.0,0.0,0.0,0.0,0.0,0.0,397.3745992705093,0.0,0.0,0.0
58,14.5,R1Z3,124.89488175048616,0.0,0.0,39.072210353913306,29.197554169222887,-7.105427357601002e-15,0.0,0.0,0.0,0.0,0.0,0.0,0.0,0.0,0.0,0.0,0.0,0.0,0.0
58,14.5,R2Z1,182.54757238712966,0.0,135.0,104.96696912992093,30.769644776952134,-1.4210854715202004e-14,0.0,0.0,0.0,0.0,0.0,0.0,30.34304453691646,0.0,0.0,309.1635135636469,0.0,0.0,0.0
58,14.5,R2Z2,171.72072344020322,0.0,0.0,30.132240704363554,93.97344250262327,0.0,0.0,0.0,39.16562901269095,0.0,0.0,0.0,22.341201400010807,0.0,0.0,0.0,0.0,0.0,0.0
58,14.5,R2Z3,149.40460520816802,0.0,0.0,41.96915536336459,113.94507497777235,-1.4210854715202004e-14,0.0,0.0,0.0,0.0,0.0,0.0,0.0,0.0,0.0,0.0,0.0,0.0,0.0
59,14.75,R1Z1,143.89163638953679,0.0,0.0,104.30446856992165,63.993235794036195,1.4210854715202004e-14,0.0,6.817870570359133,0.0,0.0,0.0,0.0,0.0,0.0,0.0,404.1725896885878,0.0,0.0,0.0
59,14.75,R1Z2,153.9852394120125,0.0,0.0,34.573974908994956,6.485216847023047,0.0,0.0,147.43350926488372,21.306806477875742,0.0,0.0,0.0,0.0,0.0,0.0,397.10276058966986,0.0,0.0,0.0
59,14.75,R1Z3,121.4393588945557,0.0,0.0,33.346790461410656,3.011194951005008,0.0,0.0,0.0,0.0,0.0,0.0,0.0,0.0,0.0,0.0,0.0,0.0,0.0,0.0
59,14.75,R2Z1,179.4875663865241,0.0,135.0,107.9650354315457,19.90271196485925,0.0,0.0,0.0,0.0,0.0,0.0,0.0,30.313028355677226,0.0,0.0,308.95201891390053,0.0,0.0,0.0
59,14.75,R2Z2,144.2295287259769,0.0,0.0,30.2289990062132,64.10284373100919,-7.105427357601002e-15,0.0,0.0,42.613612955751485,0.0,0.0,0.0,22.319100863938722,0.0,0.0,0.0,0.0,0.0,0.0
59,14.75,R2Z3,153.64018047567777,0.0,0.0,36.645736152028704,38.94150319736609,7.105427357601002e-15,0.0,0.0,0.0,0.0,0.0,0.0,0.0,0.0,0.0,0.0,0.0,0.0,0.0
60,15.0,R1Z1,154.86107014222438,0.0,0.0,86.89263218372066,53.05492099026888,1.4210854715202004e-14,0.0,0.0,0.0,0.0,0.0,0.0,0.0,6.377199683078544,0.0,405.3831645614056,0.0,0.0,0.0
60,15.0,R1Z2,135.1509275882694,0.0,0.0,33.93309371998916,30.989099480714003,-7.105427357601002e-15,0.0,0.0,31.126204988814944,0.0,0.0,0.0,0.0,0.0,0.0,396.8311078700583,0.0,0.0,0.0
60,15.0,R1Z3,121.07303949598213,0.0,0.0,34.52505871263206,60.81693535303465,0.0,0.0,0.0,0.0,0.0,0.0,0.0,0.0,0.0,0.0,0.0,0.0,0.0,0.0
60,15.0,R2Z1,174.79361313546713,0.0,135.0,101.00747988366155,26.956906655369313,0.0,0.0,0.0,0.0,0.0,0.0,0.0,30.283041867276992,0.0,0.0,308.7406689448325,0.0,0.0,0.0
60,15.0,R2Z2,153.5930988320985,0.0,0.0,29.575240964005772,102.93501736796544,0.0,0.0,0.0,62.25240997762989,0.0,0.0,0.0,22.297022190329894,0.0,0.0,0.0,0.0,0.0,0.0
60,15.0,R2Z3,208.056332779797,0.0,0.0,33.025703603575664,131.8145777755351,1.4210854715202004e-14,0.0,0.0,0.0,0.0,0.0,0.0,0.0,0.0,0.0,0.0,0.0,0.0,0.0
61,15.25,R1Z1,143.62112057009205,0.0,0.0,98.15428966185303,127.93244815952241,1.4210854715202004e-14,0.0,0.0,0.0,0.0,0.0,0.0,0.0,22.358550926438966,0.0,410.3195143167301,0.0,0.0,0.0
61,15.25,R1Z2,122.30840689199096,0.0,0.0,29.306573363693303,16.93048799898301,0.0,0.0,0.0,24.572329510837502,0.0,0.0,0.0,0.0,0.0,0.0,396.559640984461,0.0,0.0,0.0
61,15.25,R1Z3,108.33982656839427,0.0,0.0,28.870257130740434,10.010585940001612,0.0,0.0,0.0,0.0,0.0,0.0,0.0,0.0,0.0,0.0,0.0,0.0,0.0,0.0
61,15.25,R2Z1,158.374102120104,0.0,135.0,88.31135957501027,33.87835979559283,0.0,0.0,0.0,0.0,0.0,0.0,0.0,30.25308504234278,0.0,0.0,308.5294635574688,0.0,0.0,0.0
61,15.25,R2Z2,154.6666732751283,0.0,0.0,26.461596828110004,66.49522384537006,0.0,0.0,0.0,49.144659021675004,0.0,0.0,0.0,22.274965357557367,0.0,0.0,0.0,0.0,0.0,0.0
61,15.25,R2Z3,167.98290839366277,0.0,0.0,34.93165327503226,107.65176463938957,-7.105427357601002e-15,0.0,0.0,0.0,0.0,0.0,0.0,0.0,0.0,0.0,0.0,0.0,0.0,0.0
62,15.5,R1Z1,140.57780171442684,0.0,0.0,102.464561899833,0.0,0.0,0.0,0.0,0.0,0.0,0.0,0.0,0.0,0.0,0.0,410.0388201915915,0.0,0.0,0.0
62,15.5,R1Z2,125.76356101643074,0.0,0.0,33.020230736423336,60.132423989686494,0.0,0.0,31.70205433336413,22.576970743932463,0.0,0.0,0.0,0.0,0.0,0.0,396.2883598057513,0.0,0.0,0.0
62,15.5,R1Z3,130.88645323494356,0.0,0.0,28.287290269504624,43.90888869736952,-3.552713678800501e-15,0.0,0.0,0.0,0.0,0.0,0.0,0.0,0.0,0.0,0.0,0.0,0.0,0.0
62,15.5,R2Z1,174.13125346879525,0.0,135.0,88.02900682694693,43.29829917369841,0.0,0.0,0.0,0.0,0.0,0.0,0.0,30.22315785153066,0.0,0.0,308.3184026529028,0.0,0.0,0.0
62,15.5,R2Z2,159.63064240051693,0.0,0.0,24.0218021842324,77.36533234206539,-7.105427357601002e-15,0.0,0.0,45.15394148786493,0.0,0.0,0.0,22.252930344015578,0.0,0.0,0.0,0.0,0.0,0.0
62,15.5,R2Z3,159.97835479960753,0.0,0.0,35.31109774488792,120.69616620491135,-7.105427357601002e-15,0.0,0.0,0.0,0.0,0.0,0.0,0.0,0.0,0.0,0.0,0.0,0.0,0.0
63,15.75,R1Z1,118.65828341358319,0.0,0.0,84.24297062012698,135.81671655679907,0.0,0.0,0.0,0.0,0.0,0.0,0.0,0.0,0.0,0.0,409.75831808557245,0.0,0.0,0.0
63,15.75,R1Z2,140.64606887326624,0.0,0.0,23.784350769206494,20.686933531717155,0.0,0.0,0.0,24.159819065495785,0.0,0.0,0.0,0.0,0.0,0.0,396.01726420688976,0.0,0.0,0.0
63,15.75,R1Z3,110.02135081148812,0.0,0.0,29.790175670654207,15.659942098350086,-3.552713678800501e-15,0.0,0.0,0.0,0.0,0.0,0.0,0.0,0.0,0.0,0.0,0.0,0.0,0.0
63,15.75,R2Z1,151.98591712656253,0.0,135.0,72.63219710877107,22.362780420234202,0.0,0.0,0.0,0.0,0.0,0.0,0.0,30.193260265525744,5.993583701735076,0.0,309.5050968091084,0.0,0.0,0.0
63,15.75,R2Z2,139.77726603811396,0.0,0.0,22.762337051756447,87.74247571466009,0.0,0.0,0.0,48.31963813099157,0.0,0.0,0.0,22.23091712812034,0.0,0.0,0.0,0.0,0.0,0.0
63,15.75,R2Z3,155.22964128560795,0.0,0.0,30.73042101134766,68.62135350024627,0.0,0.0,0.0,0.0,0.0,0.0,0.0,0.0,0.0,0.0,0.0,0.0,0.0,0.0
64,16.0,R1Z1,117.11400499280305,0.0,0.0,87.53547509026586,5.407694876955558,0.0,0.0,0.0,0.0,0.0,0.0,0.0,0.0,0.0,0.0,409.4780078673153,0.0,0.0,0.0
64,16.0,R1Z2,146.04866196678591,0.0,0.0,21.308417164165817,36.72822508437419,3.552713678800501e-15,0.0,40.77925133343379,32.844311946651516,0.0,0.0,0.0,0.0,0.0,0.0,395.7463540609235,0.0,0.0,0.0
64,16.0,R1Z3,94.1468082769747,0.0,0.0,25.831404903132224,64.13616138602906,7.105427357601002e-15,0.0,0.0,0.0,0.0,0.0,0.0,0.0,0.0,0.0,0.0,0.0,0.0,0.0
64,16.0,R2Z1,146.3574380498205,0.0,135.0,71.91686339003948,40.220941142560925,-1.4210854715202004e-14,0.0,0.0,0.0,0.0,0.0,0.0,30.16339225504213,0.0,0.0,309.29336848680464,0.0,0.0,0.0
64,16.0,R2Z2,161.8083964462497,0.0,0.0,19.984593203774367,59.066814316948054,-7.105427357601002e-15,0.0,0.0,65.68862389330303,0.0,0.0,0.0,22.208925688308813,0.0,0.0,0.0,0.0,0.0,0.0
64,16.0,R2Z3,182.84783752985268,0.0,0.0,31.75708572374576,110.11728380710692,1.0658141036401503e-14,0.0,0.0,0.0,0.0,0.0,0.0,0.0,0.0,0.0,0.0,0.0,0.0,0.0
65,16.25,R1Z1,130.4115120176407,0.0,0.0,71.45184422407154,94.73395193151775,0.0,0.0,0.0,0.0,0.0,0.0,0.0,0.0,0.0,0.0,409.19788940555213,0.0,0.0,0.0
65,16.25,R1Z2,132.02971508466857,0.0,0.0,23.304712955647155,52.26541276815673,-3.552713678800501e-15,0.0,28.480846420781788,18.91123131214388,0.0,0.0,0.0,0.0,0.0,0.0,395.4756292409868,0.0,0.0,0.0
65,16.25,R1Z3,91.93801598186603,0.0,0.0,29.166038192781837,12.262848862062643,3.552713678800501e-15,0.0,0.0,0.0,0.0,0.0,0.0,0.0,0.0,0.0,0.0,0.0,0.0,0.0
65,16.25,R2Z1,156.9694461449847,0.0,135.0,75.1496576241982,35.311843186002314,0.0,0.0,0.0,0.0,0.0,0.0,0.0,30.133553790822894,0.0,0.0,309.0817850050316,0.0,0.0,0.0
65,16.25,R2Z2,131.00354642096113,0.0,0.0,21.296849768073272,58.04960351211419,7.105427357601002e-15,0.0,0.0,37.82246262428776,0.0,0.0,0.0,22.186956003039494,0.0,0.0,0.0,0.0,0.0,0.0
65,16.25,R2Z3,170.8123993405206,0.0,0.0,27.88072077332818,92.07661083547448,-7.105427357601002e-15,0.0,0.0,0.0,0.0,0.0,0.0,0.0,0.0,0.0,0.0,0.0,0.0,0.0
66,16.5,R1Z1,110.96969181577857,0.0,0.0,74.21610881393414,25.83928539914401,0.0,0.0,0.0,0.0,0.0,0.0,0.0,0.0,0.0,0.0,408.9179625691049,0.0,0.0,0.0
66,16.5,R1Z2,158.2583305694929,0.0,0.0,26.002079581700535,45.58077330004753,0.0,0.0,47.14001239080626,34.03351501192083,0.0,0.0,0.0,0.0,0.0,0.0,395.2050896203005,0.0,0.0,0.0
66,16.5,R1Z3,128.82595183445437,0.0,0.0,22.0956327084944,43.81370227309831,-3.552713678800501e-15,0.0,0.0,0.0,0.0,0.0,0.0,0.0,0.0,0.0,0.0,0.0,0.0,0.0
66,16.5,R2Z1,155.56819023164292,0.0,135.0,67.51187447215656,48.07167934035732,0.0,0.0,0.0,0.0,0.0,0.0,0.0,30.103744843640055,0.0,0.0,308.8703462647057,0.0,0.0,0.0
66,16.5,R2Z2,152.62889959469044,0.0,0.0,18.998934519491854,80.23019716715888,7.105427357601002e-15,0.0,0.0,68.06703002384165,0.0,0.0,0.0,22.16500805079219,0.0,0.0,0.0,0.0,0.0,0.0
66,16.5,R2Z3,171.60054251072748,0.0,0.0,22.061905729187842,119.18887582544654,7.105427357601002e-15,0.0,0.0,0.0,0.0,0.0,0.0,0.0,0.0,0.0,0.0,0.0,0.0,0.0
67,16.75,R1Z1,112.00969129734803,0.0,0.0,66.86274313826459,214.19055374399125,2.842170943040401e-14,0.0,0.0,0.0,0.0,0.0,0.0,0.0,80.0,0.0,427.2929853330628,0.0,0.0,0.0
67,16.75,R1Z2,106.05307602170772,0.0,0.0,21.880553147807518,66.07621576932277,3.552713678800501e-15,0.0,0.0,22.841815626920994,0.0,0.0,0.0,0.0,80.0,0.0,413.58949317834987,0.0,0.0,0.0
67,16.75,R1Z3,80.46436445835755,0.0,0.0,14.355673753148253,55.23457879119114,7.105427357601002e-15,0.0,0.0,0.0,0.0,0.0,0.0,0.0,0.0,0.0,0.0,0.0,0.0,0.0
67,16.75,R2Z1,120.20657493878069,0.0,135.0,58.96636117006556,39.19665572402857,0.0,0.0,0.0,0.0,0.0,0.0,0.0,30.073965384294535,80.0,0.0,327.31381027298886,0.0,0.0,0.0
67,16.75,R2Z2,123.86779683348601,0.0,0.0,19.976689129808307,45.18893409848086,0.0,0.0,0.0,45.68363125384199,0.0,3.5736783866504283,0.0,22.972260644459524,0.0,0.0,0.0,0.0,0.0,0.0
67,16.75,R2Z3,162.1112969670378,0.0,0.0,24.546888364589236,118.28518519190719,-1.4210854715202004e-14,0.0,0.0,0.0,0.0,0.0,0.0,0.0,0.0,0.0,0.0,0.0,0.0,0.0
68,17.0,R1Z1,127.92105550606503,0.0,0.0,54.314754876508474,101.02364975761783,-7.105427357601002e-15,0.0,0.0,0.0,0.0,0.0,0.0,0.0,0.0,0.0,427.0006798820398,0.0,0.0,0.0
68,17.0,R1Z2,122.55954116236276,0.0,0.0,19.85312069371787,78.89325311750146,3.552713678800501e-15,0.0,0.0,13.766586595842716,0.0,0.0,0.0,0.0,0.0,0.0,413.3065621041417,0.0,0.0,0.0
68,17.0,R1Z3,85.21463729593826,0.0,0.0,20.03710436997241,42.624231855456955,-3.552713678800501e-15,0.0,0.0,0.0,0.0,0.0,0.0,0.0,0.0,0.0,0.0,0.0,0.0,0.0
68,17.0,R2Z1,103.49731135986056,0.0,135.0,54.30362636978145,33.53008491646505,0.0,0.0,0.0,0.0,0.0,0.0,0.0,30.044215383616155,34.250496988170724,0.0,335.0765834506792,0.0,0.0,0.0
68,17.0,R2Z2,138.16340799246672,0.0,0.0,16.298979317794362,66.88232705041219,-7.105427357601002e-15,0.0,0.0,27.53317319168543,0.0,0.0,0.0,22.94953584708001,0.0,0.0,0.0,0.0,0.0,0.0
68,17.0,R2Z3,160.4287555737194,0.0,0.0,17.59233239496332,90.38198137086393,7.105427357601002e-15,0.0,0.0,0.0,0.0,0.0,0.0,0.0,0.0,0.0,0.0,0.0,0.0,0.0
69,17.25,R1Z1,118.00310113135852,0.0,0.0,65.55484670375138,85.15923104402377,0.0,0.0,0.0,0.0,0.0,0.0,0.0,0.0,0.0,0.0,426.7085743932899,0.0,0.0,0.0
69,17.25,R1Z2,131.2933784794493,0.0,0.0,19.974529262441933,71.39744746936907,-3.552713678800501e-15,0.0,0.0,26.2578444715204,0.0,0.0,0.0,0.0,0.0,0.0,413.0238245793202,0.0,0.0,0.0
69,17.25,R1Z3,115.25596539144321,0.0,0.0,20.347703359487866,57.176264145808005,0.0,0.0,0.0,0.0,0.0,0.0,0.0,0.0,0.0,0.0,0.0,0.0,0.0,0.0
69,17.25,R2Z1,126.23475894464447,0.0,135.0,50.81670211443991,18.46305209040421,0.0,0.0,0.0,0.0,0.0,0.0,0.0,30.014494812463578,45.487608278486576,0.0,345.45436613009656,0.0,0.0,0.0
69,17.25,R2Z2,155.63189223426158,0.0,0.0,15.184196218681407,74.33592858900455,3.552713678800501e-15,0.0,0.0,52.5156889430408,0.0,0.0,0.0,22.92683352970035,0.0,0.0,0.0,0.0,0.0,0.0
69,17.25,R2Z3,155.6767718929385,0.0,0.0,15.204250969470905,140.19579097113794,-1.0658141036401503e-14,0.0,0.0,0.0,0.0,0.0,0.0,0.0,0.0,0.0,0.0,0.0,0.0,0.0
70,17.5,R1Z1,131.44496470031345,0.0,0.0,63.231474925053774,124.03559648080726,-7.105427357601002e-15,0.0,0.0,0.0,0.0,0.0,0.0,0.0,32.26469373749805,0.0,433.9402944430584,0.0,0.0,0.0
70,17.5,R1Z2,125.27745819210247,0.0,0.0,13.06678427256586,10.858839233972057,1.7763568394002505e-15,0.0,0.0,27.27012257142788,0.0,0.0,0.0,0.0,0.0,0.0,412.7412804714809,0.0,0.0,0.0
70,17.5,R1Z3,117.06253243210983,0.0,0.0,21.55389882903883,73.00680711679044,0.0,0.0,0.0,0.0,0.0,0.0,0.0,0.0,0.0,0.0,0.0,0.0,0.0,0.0
70,17.5,R2Z1,97.10489533722632,0.0,135.0,50.161130394019445,35.83680139650496,7.105427357601002e-15,0.0,0.0,0.0,0.0,0.0,0.0,29.984803641724305,0.0,0.0,345.2180453905439,0.0,0.0,0.0
70,17.5,R2Z2,159.4713019215964,0.0,0.0,12.578469626493714,88.59007284023788,7.105427357601002e-15,0.0,0.0,54.54024514285576,0.0,0.0,0.0,22.904153670082703,0.0,0.0,0.0,0.0,0.0,0.0
70,17.5,R2Z3,165.45128218983723,0.0,0.0,14.500570046183867,103.84631563473204,3.552713678800501e-15,0.0,0.0,0.0,0.0,0.0,0.0,0.0,0.0,0.0,0.0,0.0,0.0,0.0
71,17.75,R1Z1,136.6486917069253,0.0,0.0,47.64427576919073,154.55267270444332,7.105427357601002e-15,0.0,0.0,0.0,0.0,0.0,0.0,0.0,80.0,0.0,452.2981997624172,0.0,0.0,0.0
71,17.75,R1Z2,171.2107260079929,0.0,0.0,18.368081459298963,69.21929233575608,0.0,0.0,0.0,37.28574833521836,0.0,0.0,0.0,0.0,80.0,0.0,431.1136877544873,0.0,0.0,0.0
71,17.75,R1Z3,99.11834100297406,0.0,0.0,18.745390822424312,70.2853985821035,-7.105427357601002e-15,0.0,0.0,0.0,0.0,0.0,0.0,0.0,0.0,0.0,0.0,0.0,0.0,0.0
71,17.75,R2Z1,116.97239574427248,0.0,135.0,32.4797323229302,48.80242536954331,-7.105427357601002e-15,0.0,0.0,0.0,0.0,0.0,0.0,29.95514184231463,20.874140544874905,0.0,349.8494118466051,0.0,0.0,0.0
71,17.75,R2Z2,142.93568246072232,0.0,0.0,13.347443007462942,122.94174103190056,5.329070518200751e-15,0.0,0.0,74.57149667043672,0.0,0.0,0.0,22.88149624601123,0.0,0.0,0.0,0.0,0.0,0.0
71,17.75,R2Z3,175.0512423335145,0.0,0.0,13.330907681313306,166.23661370925413,-1.4210854715202004e-14,0.0,0.0,0.0,0.0,0.0,0.0,0.0,0.0,0.0,0.0,0.0,0.0,0.0
72,18.0,R1Z1,118.74790980154265,0.0,0.0,57.15647994095241,173.67954619456793,-1.4210854715202004e-14,0.0,0.0,0.0,0.0,0.0,0.0,0.0,0.0,0.0,451.9887885766111,0.0,0.0,0.0
72,18.0,R1Z2,150.68920024362038,0.0,0.0,11.319876927011913,9.597194758100445,0.0,0.0,0.0,34.585903789602966,0.0,0.0,0.0,0.0,0.0,0.0,430.8187686117284,0.0,0.0,0.0
72,18.0,R1Z3,106.99037466574617,0.0,0.0,11.949408361770303,0.0,0.0,0.0,0.0,0.0,0.0,0.0,0.0,0.0,0.0,0.0,0.0,0.0,0.0,0.0
72,18.0,R2Z1,87.30427840314991,0.0,135.0,32.68374009825581,38.391146070519426,-7.105427357601002e-15,0.0,0.0,0.0,0.0,0.0,0.0,29.925509385179623,15.130112579266765,0.0,353.1381918932718,0.0,0.0,0.0
72,18.0,R2Z2,127.828386120889,0.0,0.0,13.393511735944443,80.64183650973861,7.105427357601002e-15,0.0,0.0,69.17180757920593,0.0,0.0,0.0,22.858861235292068,0.0,0.0,0.0,0.0,0.0,0.0
72,18.0,R2Z3,191.37654746622508,0.0,0.0,18.832590469694154,111.66376684507559,-3.552713678800501e-15,0.0,0.0,0.0,0.0,0.0,0.0,0.0,0.0,0.0,0.0,0.0,0.0,0.0
73,18.25,R1Z1,116.51128983027273,0.0,0.0,69.254479827262,215.314086391609,-1.4210854715202004e-14,0.0,0.0,0.0,0.0,0.0,0.0,0.0,80.0,0.0,470.33434716106177,0.0,0.0,0.0
73,18.25,R1Z2,150.82789986957712,0.0,0.0,16.08585798135053,80.0,7.105427357601002e-15,0.0,0.0,23.632640283846136,0.0,0.0,0.0,0.0,80.0,0.0,449.17880932541215,0.0,0.0,0.0
73,18.25,R1Z3,109.20945909986406,0.0,0.0,17.491405045932282,79.18316424172644,-3.552713678800501e-15,0.0,0.0,0.0,0.0,0.0,0.0,0.0,0.0,0.0,0.0,0.0,0.0,0.0
73,18.25,R2Z1,107.47056717589652,0.0,135.0,34.03698816736987,63.2146512552785,7.105427357601002e-15,0.0,0.0,0.0,0.0,24.003053547293447,0.0,35.46518859096673,80.0,0.0,371.5513728568376,0.0,0.0,0.0
73,18.25,R2Z2,107.35537567354213,0.0,0.0,11.569397460219236,121.25925917093717,3.552713678800501e-15,0.0,0.0,47.26528056769227,0.0,45.0,0.0,33.27732459142114,0.0,0.0,0.0,0.0,0.0,0.0
73,18.25,R2Z3,152.78783270529507,0.0,0.0,11.014793272724262,128.84347423579337,-8.881784197001252e-15,0.0,0.0,0.0,0.0,0.0,0.0,0.0,0.0,0.0,0.0,0.0,0.0,0.0
74,18.5,R1Z1,151.44645688845813,0.0,0.0,45.23721616394701,198.4598552180999,-7.105427357601002e-15,0.0,0.0,0.0,0.0,0.0,0.0,0.0,38.14062832827834,0.0,478.9064001301057,0.0,0.0,0.0
74,18.5,R1Z2,102.20194891621031,0.0,0.0,16.260410116300783,34.118468379356194,3.552713678800501e-15,0.0,0.0,23.001592250686837,0.0,0.0,0.0,0.0,0.0,0.0,448.87153207313634,0.0,0.0,0.0
74,18.5,R1Z3,136.34934864358337,0.0,0.0,10.967520376341977,22.607740805047083,1.7763568394002505e-15,0.0,0.0,0.0,0.0,0.0,0.0,0.0,0.0,0.0,0.0,0.0,0.0,0.0
74,18.5,R2Z1,80.36550693761417,0.0,135.0,26.370252520362534,34.32494370377549,0.0,0.0,0.0,0.0,0.0,0.0,0.0,35.43010544276337,0.0,0.0,371.29719950190525,0.0,0.0,0.0
74,18.5,R2Z2,150.9516740761181,0.0,0.0,9.36698580459705,72.29403643586281,-5.329070518200751e-15,0.0,0.0,46.003184501373674,0.0,0.0,0.0,33.2444057389679,0.0,0.0,0.0,0.0,0.0,0.0
74,18.5,R2Z3,161.45025926891347,0.0,0.0,12.670975401341138,134.22264138208342,1.0658141036401503e-14,0.0,0.0,0.0,0.0,0.0,0.0,0.0,0.0,0.0,0.0,0.0,0.0,0.0
75,18.75,R1Z1,128.78126174717505,0.0,0.0,42.92113464483968,39.65712852880226,-7.105427357601002e-15,0.0,0.0,0.0,0.0,0.0,0.0,0.0,0.0,0.0,478.5787866281457,0.0,0.0,0.0
75,18.75,R1Z2,141.44274163452678,0.0,0.0,10.802466963187356,66.44093762128033,3.552713678800501e-15,0.0,11.519803624010123,22.818893169121694,0.0,0.0,0.0,0.0,0.0,0.0,448.564465025144,0.0,0.0,0.0
75,18.75,R1Z3,87.98070520103587,0.0,0.0,15.345793566056656,53.1251447867423,-3.552713678800501e-15,0.0,0.0,0.0,0.0,0.0,0.0,0.0,0.0,0.0,0.0,0.0,0.0,0.0
75,18.75,R2Z1,112.13891407177704,0.0,135.0,34.137010883669916,65.02933026599396,0.0,0.0,0.0,0.0,0.0,0.0,0.0,35.39505699978326,0.0,0.0,371.04320002358617,0.0,0.0,0.0
75,18.75,R2Z2,154.78192625965454,0.0,0.0,6.624618836755502,72.56123811470523,4.440892098500626e-15,0.0,0.0,45.63778633824339,0.0,0.0,0.0,33.211519450756526,0.0,0.0,0.0,0.0,0.0,0.0
75,18.75,R2Z3,152.83088721013934,0.0,0.0,9.860446021288283,146.47470275961194,-5.329070518200751e-15,0.0,0.0,0.0,0.0,0.0,0.0,0.0,0.0,0.0,0.0,0.0,0.0,0.0
76,19.0,R1Z1,120.08091127909564,0.0,0.0,48.02510166760078,240.0,2.1316282072803006e-14,0.0,0.0,0.0,0.0,0.0,0.0,0.0,80.0,0.0,496.90615534840487,0.0,0.0,0.0
76,19.0,R1Z2,126.65814363070501,0.0,0.0,7.4861067962267,43.49951286862697,-3.552713678800501e-15,0.0,0.0,25.92016814765555,0.0,0.0,0.0,0.0,65.13805751788972,0.0,463.44679186891864,0.0,0.0,0.0
76,19.0,R1Z3,119.18690558557948,0.0,0.0,9.40844692658959,30.571030681054026,0.0,0.0,0.0,0.0,0.0,0.0,0.0,0.0,0.0,0.0,0.0,0.0,0.0,0.0
76,19.0,R2Z1,111.086797490069,0.0,135.0,22.511383547095747,36.464052515767726,0.0,0.0,0.0,0.0,0.0,17.245662624576937,0.0,39.361449310227094,80.0,0.0,389.4441324091112,0.0,0.0,0.0
76,19.0,R2Z2,101.76049508201024,0.0,0.0,8.178897748672114,112.9636238509116,0.0,0.0,0.0,51.8403362953111,0.0,0.0,0.0,33.17866569457358,0.0,0.0,0.0,0.0,0.0,0.0
76,19.0,R2Z3,144.8925108551695,0.0,0.0,7.982931749606024,186.1978912699776,-5.329070518200751e-15,0.0,0.0,0.0,0.0,0.0,0.0,0.0,0.0,0.0,0.0,0.0,0.0,0.0
77,19.25,R1Z1,138.49508547511428,0.0,0.0,37.746097470433696,56.580021768476584,7.105427357601002e-15,0.0,0.0,0.0,0.0,0.0,0.0,0.0,0.0,0.0,496.566228453181,0.0,0.0,0.0
77,19.25,R1Z2,137.18865892473107,0.0,0.0,15.31207924388869,66.5278914656267,-3.552713678800501e-15,0.0,34.74840676625924,23.396989709565208,0.0,0.0,0.0,0.0,0.0,0.0,463.12975407945703,0.0,0.0,0.0
77,19.25,R1Z3,122.62085026269283,0.0,0.0,8.985815925993414,56.025609715417,1.7763568394002505e-15,0.0,0.0,0.0,0.0,0.0,0.0,0.0,0.0,0.0,0.0,0.0,0.0,0.0
77,19.25,R2Z1,86.05253449838644,0.0,135.0,18.665135643241094,31.269835952456752,0.0,0.0,0.0,0.0,0.0,0.0,0.0,39.322511872855,0.0,0.0,389.17771885522757,0.0,0.0,0.0
77,19.25,R2Z2,133.45935306288726,0.0,0.0,6.610330713363794,86.57518217485011,1.7763568394002505e-15,0.0,0.0,46.793979419130416,0.0,0.0,0.0,33.14584443823746,0.0,0.0,0.0,0.0,0.0,0.0
77,19.25,R2Z3,192.1347020529103,0.0,0.0,11.493409336331439,174.22039897168807,1.4210854715202004e-14,0.0,0.0,0.0,0.0,0.0,0.0,0.0,0.0,0.0,0.0,0.0,0.0,0.0
78,19.5,R1Z1,122.23506701336417,0.0,0.0,36.12778226005997,197.85769543979202,-7.105427357601002e-15,0.0,0.0,0.0,0.0,0.0,0.0,0.0,68.93559533913127,0.0,512.3012447968875,0.0,0.0,0.0
78,19.5,R1Z2,130.34978131629066,0.0,0.0,12.899888280588044,45.83207744106711,-1.7763568394002505e-15,0.0,0.0,36.242816130213036,0.0,0.0,0.0,0.0,75.73607801202917,0.0,480.47341086164516,0.0,0.0,0.0
78,19.5,R1Z3,132.20529141196673,0.0,0.0,6.025968641275007,43.19255893312197,-1.7763568394002505e-15,0.0,0.0,0.0,0.0,0.0,0.0,0.0,0.0,0.0,0.0,0.0,0.0,0.0
78,19.5,R2Z1,87.88474524842144,0.0,135.0,16.979259584429357,54.60478682733482,3.552713678800501e-15,0.0,0.0,0.0,0.0,0.0,0.0,39.28361295347592,80.0,0.0,407.5662456574921,0.0,0.0,0.0
78,19.5,R2Z2,144.6961619320348,0.0,0.0,3.7104598375869955,133.2042180842589,4.440892098500626e-16,0.0,0.0,72.48563226042607,0.0,0.0,0.0,33.11305564959844,0.0,0.0,0.0,0.0,0.0,0.0
78,19.5,R2Z3,131.77387796866196,0.0,0.0,8.301196553282665,171.3522579684642,-1.2434497875801753e-14,0.0,0.0,0.0,0.0,0.0,0.0,0.0,0.0,0.0,0.0,0.0,0.0,0.0
79,19.75,R1Z1,129.25755711849254,0.0,0.0,34.14914642829531,113.14596681587632,0.0,0.0,0.0,0.0,0.0,0.0,0.0,0.0,24.358162327615887,0.0,517.6307316522859,0.0,0.0,0.0
79,19.75,R1Z2,149.78000905006766,0.0,0.0,12.240778600028548,56.04504376663938,0.0,0.0,0.0,25.891979089593466,0.0,0.0,0.0,0.0,0.0,0.0,480.14472538847497,0.0,0.0,0.0
79,19.75,R1Z3,107.53131786152461,0.0,0.0,5.1612279822525196,63.811314933135115,-5.329070518200751e-15,0.0,0.0,0.0,0.0,0.0,0.0,0.0,0.0,0.0,0.0,0.0,0.0,0.0
79,19.75,R2Z1,90.07746556764114,0.0,135.0,28.459725189748852,55.95404824253113,-3.552713678800501e-15,0.0,0.0,0.0,0.0,0.0,0.0,39.24475251398677,0.0,0.0,407.28743500684254,0.0,0.0,0.0
79,19.75,R2Z2,161.44036227923547,0.0,0.0,5.867544299036979,129.15690654576292,1.2434497875801753e-14,0.0,0.0,51.78395817918693,0.0,0.0,0.0,33.08029929653855,0.0,0.0,0.0,0.0,0.0,0.0
79,19.75,R2Z3,146.15018015147112,0.0,0.0,9.029360622590602,82.89805366137035,5.329070518200751e-15,0.0,0.0,0.0,0.0,0.0,0.0,0.0,0.0,0.0,0.0,0.0,0.0,0.0
80,20.0,R1Z1,113.33431617729094,0.0,0.0,32.44403821006409,170.43080870032531,7.105427357601002e-15,0.0,0.0,0.0,0.0,0.0,0.0,0.0,31.70225576255389,0.0,524.6691012582985,0.0,0.0,0.0
80,20.0,R1Z2,135.8364279025959,0.0,0.0,7.5335824002169645,53.47244150507004,-1.7763568394002505e-15,0.0,0.0,36.75787544316954,0.0,0.0,0.0,0.0,80.0,0.0,498.47102287084516,0.0,0.0,0.0
80,20.0,R1Z3,127.69998323179877,0.0,0.0,9.985730341581068,44.62813003093227,0.0,0.0,0.0,0.0,0.0,0.0,0.0,0.0,0.0,0.0,0.0,0.0,0.0,0.0
80,20.0,R2Z1,93.88329552324035,0.0,135.0,29.848997994967704,69.16589481965968,-7.105427357601002e-15,0.0,0.0,0.0,0.0,0.0,0.0,39.20593051632218,80.0,0.0,425.66357319303035,0.0,0.0,0.0
80,20.0,R2Z2,138.282530715035,0.0,0.0,8.649474827405356,105.37721579219594,0.0,0.0,0.0,73.51575088633908,0.0,0.0,0.0,33.04757534697163,0.0,0.0,0.0,0.0,0.0,0.0
80,20.0,R2Z3,157.00089474638335,0.0,0.0,9.84065799599216,171.089105110979,0.0,0.0,0.0,0.0,0.0,0.0,0.0,0.0,0.0,0.0,0.0,0.0,0.0,0.0
81,20.25,R1Z1,152.36744699066386,0.0,0.0,26.151921541083013,120.36312738817684,-7.105427357601002e-15,0.0,0.0,0.0,0.0,0.0,0.0,0.0,0.0,0.0,524.3101821008459,0.0,0.0,0.0
81,20.25,R1Z2,129.41094092437686,0.0,0.0,6.379904152947233,51.156891092706516,-1.7763568394002505e-15,0.0,0.0,29.668933422889094,0.0,0.0,0.0,0.0,62.138074233039404,0.0,512.6196597705649,0.0,0.0,0.0
81,20.25,R1Z3,83.59082243173889,0.0,0.0,7.125142678572864,57.904800833737475,-4.440892098500626e-15,0.0,0.0,0.0,0.0,0.0,0.0,0.0,0.0,0.0,0.0,0.0,0.0,0.0
81,20.25,R2Z1,80.92385345290847,0.0,135.0,30.929200067594337,39.28938283131913,-3.552713678800501e-15,0.0,0.0,0.0,0.0,0.0,0.0,39.16714692245443,0.0,0.0,425.37238240119154,0.0,0.0,0.0
81,20.25,R2Z2,129.1628960895871,0.0,0.0,6.494918410587886,52.53358240509935,8.881784197001252e-16,0.0,0.0,59.33786684577819,0.0,0.0,0.0,33.014883768843234,0.0,0.0,0.0,0.0,0.0,0.0
81,20.25,R2Z3,190.27836446832876,0.0,0.0,10.101213697982644,195.43551322216877,-1.4210854715202004e-14,0.0,0.0,0.0,0.0,0.0,0.0,0.0,0.0,0.0,0.0,0.0,0.0,0.0
82,20.5,R1Z1,116.47399303301823,0.0,0.0,24.082339017530273,183.3011062683836,-7.105427357601002e-15,0.0,0.0,0.0,0.0,0.0,0.0,0.0,80.0,0.0,542.6062665813952,0.0,0.0,0.0
82,20.5,R1Z2,147.31079493809025,0.0,0.0,7.178267958681019,66.5842570369459,0.0,0.0,0.0,20.42090076091427,0.0,0.0,0.0,0.0,27.41580566821655,0.0,518.661923763686,0.0,0.0,0.0
82,20.5,R1Z3,104.52161184210094,0.0,0.0,9.979534745661923,43.902331154905625,1.7763568394002505e-15,0.0,0.0,0.0,0.0,0.0,0.0,0.0,0.0,0.0,0.0,0.0,0.0,0.0
82,20.5,R2Z1,83.91589113021418,0.0,135.0,25.454946636609748,48.878627213829645,-3.552713678800501e-15,0.0,0.0,0.0,0.0,0.0,0.0,39.128401694393425,0.0,0.0,425.0813908091025,0.0,0.0,0.0
82,20.5,R2Z2,162.53041176690425,0.0,0.0,0.051025284106259505,120.00593640179524,-8.187894806610529e-16,0.0,0.0,40.84180152182854,0.0,0.0,0.0,32.982224530130644,0.0,0.0,0.0,0.0,0.0,0.0
82,20.5,R2Z3,187.1516614486458,0.0,0.0,9.759963011635932,173.87913281436224,1.7763568394002505e-15,0.0,0.0,0.0,0.0,0.0,0.0,0.0,0.0,0.0,0.0,0.0,0.0,0.0
83,20.75,R1Z1,127.12377021421094,0.0,0.0,15.457703926265879,137.11465359650646,1.0658141036401503e-14,0.0,0.0,0.0,0.0,0.0,0.0,0.0,0.0,0.0,542.2350768475936,0.0,0.0,0.0
83,20.75,R1Z2,156.0895212595396,0.0,0.0,3.8106055524598332,64.50535098087043,-6.661338147750939e-15,0.0,36.662790242496484,16.469399456848656,0.0,0.0,0.0,0.0,0.0,0.0,518.3071140365006,0.0,0.0,0.0
83,20.75,R1Z3,79.13266118569771,0.0,0.0,6.8559533639068135,34.63010186282786,2.6645352591003757e-15,0.0,0.0,0.0,0.0,0.0,0.0,0.0,0.0,0.0,0.0,0.0,0.0,0.0
83,20.75,R2Z1,82.11564408566606,0.0,135.0,22.742545444657765,36.98117587867962,0.0,0.0,0.0,0.0,0.0,0.0,0.0,39.08969479418664,0.0,0.0,424.7905982804933,0.0,0.0,0.0
83,20.75,R2Z2,174.1092985673807,0.0,0.0,2.585841557200041,127.93006355466773,-1.1102230246251565e-14,0.0,0.0,32.93879891369731,0.0,0.0,0.0,32.949597598842814,0.0,0.0,0.0,0.0,0.0,0.0
83,20.75,R2Z3,171.86815309898367,0.0,0.0,6.9321088884828015,109.82195519191102,3.552713678800501e-15,0.0,0.0,0.0,0.0,0.0,0.0,0.0,0.0,0.0,0.0,0.0,0.0,0.0
84,21.0,R1Z1,142.26724966321083,0.0,0.0,19.83318381244362,117.18175500097703,-1.4210854715202004e-14,0.0,0.0,0.0,0.0,0.0,0.0,0.0,0.0,0.0,541.8641410397546,0.0,0.0,0.0
84,21.0,R1Z2,138.79994536367744,0.0,0.0,8.145419382650687,42.24253725561799,3.552713678800501e-15,0.0,0.0,29.780476192382014,0.0,0.0,0.0,0.0,46.925029243769615,0.0,528.8947354007809,0.0,0.0,0.0
84,21.0,R1Z3,111.04599475906703,0.0,0.0,2.922199882394011,63.65437445204243,0.0,0.0,0.0,0.0,0.0,0.0,0.0,0.0,0.0,0.0,0.0,0.0,0.0,0.0
84,21.0,R2Z1,98.82319427053959,0.0,135.0,9.042017051238588,69.92716680658692,-3.552713678800501e-15,0.0,0.0,0.0,0.0,0.0,0.0,39.0510261839191,18.73463180952561,0.0,428.8686299868748,0.0,0.0,0.0
84,21.0,R2Z2,155.28666935011535,0.0,0.0,5.787524482326873,113.78807753090118,5.329070518200751e-15,0.0,0.0,59.56095238476403,0.0,0.0,0.0,32.91700294302034,0.0,0.0,0.0,0.0,0.0,0.0
84,21.0,R2Z3,157.08542756518688,0.0,0.0,4.014736436341906,188.08772135442504,9.769962616701378e-15,0.0,0.0,0.0,0.0,0.0,0.0,0.0,0.0,0.0,0.0,0.0,0.0,0.0
85,21.25,R1Z1,150.78958201572587,0.0,0.0,25.620024739212965,132.87532836289515,-7.105427357601002e-15,0.0,0.0,0.0,0.0,0.0,0.0,0.0,21.018187623786787,0.0,546.3945740585706,0.0,0.0,0.0
85,21.25,R1Z2,174.64651784081417,0.0,0.0,9.326048081213607,40.299015959084066,0.0,0.0,0.0,25.580135098445492,0.0,0.0,0.0,0.0,0.0,0.0,528.532925543185,0.0,0.0,0.0
85,21.25,R1Z3,85.32944993767605,0.0,0.0,7.077106781767412,67.16334199224109,2.6645352591003757e-15,0.0,0.0,0.0,0.0,0.0,0.0,0.0,0.0,0.0,0.0,0.0,0.0,0.0
85,21.25,R2Z1,135.3928710296864,0.0,135.0,25.828237053720187,61.18923315424094,0.0,0.0,0.0,0.0,0.0,0.0,0.0,39.012395825713334,0.0,0.0,428.57524665829,0.0,0.0,0.0
85,21.25,R2Z2,169.07593882313805,0.0,0.0,3.217357520402686,102.15251773846128,3.1086244689504383e-15,0.0,0.0,51.160270196890984,0.0,0.0,0.0,32.884440530735446,0.0,0.0,0.0,0.0,0.0,0.0
85,21.25,R2Z3,196.1728885979359,0.0,0.0,5.93681919018735,240.0,1.2434497875801753e-14,0.0,0.0,0.0,0.0,0.0,0.0,0.0,0.0,0.0,0.0,0.0,0.0,0.0
86,21.5,R1Z1,146.60457298339222,0.0,0.0,34.01916525558539,156.15993779630554,-7.105427357601002e-15,0.0,0.0,0.0,0.0,0.0,0.0,0.0,0.0,0.0,546.0207927939839,0.0,0.0,0.0
86,21.5,R1Z2,160.0703731720657,0.0,0.0,6.371464271399745,44.519823891196936,3.552713678800501e-15,0.0,0.0,41.328153509300726,0.0,0.0,0.0,0.0,50.75246177626477,0.0,540.0060494165185,0.0,0.0,0.0
86,21.5,R1Z3,115.92626202239619,0.0,0.0,4.367278130809076,43.11816109883026,-2.6645352591003757e-15,0.0,0.0,0.0,0.0,0.0,0.0,0.0,0.0,0.0,0.0,0.0,0.0,0.0
86,21.5,R2Z1,115.51744730955448,0.0,135.0,7.617056759130747,63.52107135533835,-6.217248937900877e-15,0.0,0.0,0.0,0.0,0.0,0.0,38.97380368172934,0.0,0.0,428.2820640293401,0.0,0.0,0.0
86,21.5,R2Z2,171.99830823717872,0.0,0.0,6.719459862647312,129.39168373770028,0.0,0.0,0.0,82.65630701860145,0.0,0.0,0.0,32.85191033009192,0.0,0.0,0.0,0.0,0.0,0.0
86,21.5,R2Z3,192.06451151042026,0.0,0.0,8.434246322605901,189.7101280018206,1.7763568394002505e-15,0.0,0.0,0.0,0.0,0.0,0.0,0.0,0.0,0.0,0.0,0.0,0.0,0.0
87,21.75,R1Z1,107.8719270897687,0.0,0.0,19.87933842555762,182.16002543400114,-7.105427357601002e-15,0.0,0.0,0.0,0.0,0.0,0.0,0.0,0.0,0.0,545.6472672281916,0.0,0.0,0.0
87,21.75,R1Z2,162.372278551134,0.0,0.0,2.535881373427671,80.0,-3.1086244689504383e-15,0.0,42.375705030296714,15.419881151792472,0.0,0.0,0.0,0.0,0.0,0.0,539.6366384567134,0.0,0.0,0.0
87,21.75,R1Z3,120.6923043818138,0.0,0.0,0.7451649338209414,28.199891797824257,-1.6653345369377348e-15,0.0,0.0,0.0,0.0,0.0,0.0,0.0,0.0,0.0,0.0,0.0,0.0,0.0
87,21.75,R2Z1,106.29386588291642,0.0,135.0,8.430784150035365,48.782165566021135,0.0,0.0,0.0,0.0,0.0,0.0,0.0,38.935249714164556,0.0,0.0,427.9890819627293,0.0,0.0,0.0
87,21.75,R2Z2,178.85286094182413,0.0,0.0,0.9375404292727296,160.0,-7.66053886991358e-15,0.0,0.0,30.839762303584944,0.0,0.0,0.0,32.819412309225115,0.0,0.0,0.0,0.0,0.0,0.0
87,21.75,R2Z3,184.02483870744794,0.0,0.0,3.2306045308740607,101.57133042839595,-3.9968028886505635e-15,0.0,0.0,0.0,0.0,0.0,0.0,0.0,0.0,0.0,0.0,0.0,0.0,0.0
88,22.0,R1Z1,133.2607121718304,0.0,0.0,10.17198409369297,189.63624648981346,3.552713678800501e-15,0.0,0.0,0.0,0.0,0.0,0.0,0.0,19.470770804856755,0.0,549.814278680091,0.0,0.0,0.0
88,22.0,R1Z2,191.48516168855676,0.0,0.0,3.439813392956495,60.73805375333828,4.440892098500626e-15,0.0,0.0,26.95469221488118,0.0,0.0,0.0,0.0,0.0,0.0,539.267480206035,0.0,0.0,0.0
88,22.0,R1Z3,113.19322340035968,0.0,0.0,5.128658012552748,42.886702216848924,-2.6645352591003757e-15,0.0,0.0,0.0,0.0,0.0,0.0,0.0,0.0,0.0,0.0,0.0,0.0,0.0
88,22.0,R2Z1,114.37628055467698,0.0,135.0,8.214623994240114,64.45172338134113,7.105427357601002e-15,0.0,0.0,0.0,0.0,0.0,0.0,38.8967338852538,0.0,0.0,427.6963003212555,0.0,0.0,0.0
88,22.0,R2Z2,142.6819766794907,0.0,0.0,4.155247329566322,120.74681513381822,0.0,0.0,0.0,53.90938442976236,0.0,0.0,0.0,32.7869464363019,0.0,0.0,0.0,0.0,0.0,0.0
88,22.0,R2Z3,141.2545444657158,0.0,0.0,0.9106264902949306,129.37809883237995,-1.3322676295501878e-14,0.0,0.0,0.0,0.0,0.0,0.0,0.0,0.0,0.0,0.0,0.0,0.0,0.0
89,22.25,R1Z1,140.8366541210178,0.0,0.0,11.745029270093966,138.29825444008017,-7.105427357601002e-15,0.0,0.0,0.0,0.0,0.0,0.0,0.0,0.0,0.0,549.4381580410328,0.0,0.0,0.0
89,22.25,R1Z2,178.32716241931973,0.0,0.0,7.032294937532889,29.775084910813902,-8.881784197001252e-16,0.0,70.57971895691529,36.66054507863939,0.0,0.0,0.0,0.0,0.0,0.0,538.8985744916084,0.0,0.0,0.0
89,22.25,R1Z3,119.70771223201105,0.0,0.0,4.139257733856866,80.0,-5.329070518200751e-15,0.0,0.0,0.0,0.0,0.0,0.0,0.0,0.0,0.0,0.0,0.0,0.0,0.0
89,22.25,R2Z1,83.18872712700438,0.0,135.0,5.972253194334442,74.40747177892649,-4.440892098500626e-15,0.0,0.0,0.0,0.0,0.0,0.0,38.85825615726927,0.0,0.0,427.40371896781045,0.0,0.0,0.0
89,22.25,R2Z2,157.42589502716643,0.0,0.0,1.184622996514932,79.50384293213826,-1.3322676295501878e-15,0.0,0.0,73.32109015727877,0.0,0.0,0.0,32.75451267952065,0.0,0.0,0.0,0.0,0.0,0.0
89,22.25,R2Z3,172.99024346560995,0.0,0.0,1.7300106437434124,103.12691736126058,4.6629367034256575e-15,0.0,0.0,0.0,0.0,0.0,0.0,0.0,0.0,0.0,0.0,0.0,0.0,0.0
90,22.5,R1Z1,151.06066193114765,0.0,0.0,13.663240525260377,127.49520253550183,1.0658141036401503e-14,0.0,0.0,0.0,0.0,0.0,0.0,0.0,0.0,0.0,549.0622947011038,0.0,0.0,0.0
90,22.5,R1Z2,180.8534439284937,0.0,0.0,0.0,42.16053319580163,0.0,0.0,113.2706228229056,29.77844676094373,0.0,0.0,0.0,0.0,0.0,0.0,538.5299211406772,0.0,0.0,0.0
90,22.5,R1Z3,112.8425116167723,0.0,0.0,1.499983321366031,51.9893725757896,2.220446049250313e-15,0.0,0.0,0.0,0.0,0.0,0.0,0.0,0.0,0.0,0.0,0.0,0.0,0.0
90,22.5,R2Z1,86.8787694605886,0.0,135.0,1.383062249032733,69.13660429619738,-6.217248937900877e-15,0.0,0.0,0.0,0.0,0.0,0.0,38.81981649252046,0.0,0.0,427.11133776537986,0.0,0.0,0.0
90,22.5,R2Z2,159.16481326599452,0.0,0.0,0.32771186112577766,77.77678043970168,-1.3322676295501878e-15,0.0,0.0,59.55689352188746,0.0,0.0,0.0,32.722111007111174,0.0,0.0,0.0,0.0,0.0,0.0
90,22.5,R2Z3,169.50640392945533,0.0,0.0,3.6081009974528797,133.6600490294854,1.0658141036401503e-14,0.0,0.0,0.0,0.0,0.0,0.0,0.0,0.0,0.0,0.0,0.0,0.0,0.0
91,22.75,R1Z1,128.56035216277266,0.0,0.0,15.782703381227435,99.73470581399269,0.0,0.0,0.0,0.0,0.0,0.0,0.0,0.0,0.0,0.0,548.6866884842892,0.0,0.0,0.0
91,22.75,R1Z2,173.47854605197523,0.0,0.0,0.952756795844369,28.117095727214213,-1.2212453270876722e-15,0.0,204.8371558435187,34.3097971606864,0.0,0.0,0.0,0.0,0.0,0.0,538.1615199806025,0.0,0.0,0.0
91,22.75,R1Z3,127.86502218666584,0.0,0.0,1.304958902345767,58.79910869855111,-1.1102230246251565e-15,0.0,0.0,0.0,0.0,0.0,0.0,0.0,0.0,0.0,0.0,0.0,0.0,0.0
91,22.75,R2Z1,119.18623481166564,0.0,135.0,7.254732948276278,33.76081653041958,0.0,0.0,0.0,0.0,0.0,0.0,0.0,38.78141485335417,0.0,0.0,426.8191565770431,0.0,0.0,0.0
91,22.75,R2Z2,166.22894896555366,0.0,0.0,0.9608979942028668,65.9643931771278,3.219646771412954e-15,0.0,0.0,68.6195943213728,0.0,0.0,0.0,32.68974138733473,0.0,0.0,0.0,0.0,0.0,0.0
91,22.75,R2Z3,170.0050502488318,0.0,0.0,1.0051899077743656,128.92024722491044,-3.9968028886505635e-15,0.0,0.0,0.0,0.0,0.0,0.0,0.0,0.0,0.0,0.0,0.0,0.0,0.0
92,23.0,R1Z1,123.46976397286431,0.0,0.0,12.981778873654548,211.397372639923,-5.329070518200751e-15,0.0,0.0,0.0,0.0,0.0,0.0,0.0,0.0,0.0,548.3113392146944,0.0,0.0,0.0
92,23.0,R1Z2,184.22993750338279,0.0,0.0,3.4368136816688946,25.941688937438116,-1.7763568394002505e-15,0.0,159.24066757600153,28.94413919424814,0.0,0.0,0.0,0.0,0.0,0.0,537.7933708388641,0.0,0.0,0.0
92,23.0,R1Z3,137.93208515270067,0.0,0.0,1.2445985540452966,44.55733235943087,0.0,0.0,0.0,0.0,0.0,0.0,0.0,0.0,0.0,0.0,0.0,0.0,0.0,0.0
92,23.0,R2Z1,100.46002518835427,0.0,135.0,0.0,46.50682919737576,0.0,0.0,0.0,0.0,0.0,0.0,0.0,38.74305120215444,0.0,0.0,426.52717526597314,0.0,0.0,0.0
92,23.0,R2Z2,199.77715188684834,0.0,0.0,0.0,66.98909120819641,0.0,0.0,0.0,57.88827838849628,0.0,0.0,0.0,32.657403788483954,0.0,0.0,0.0,0.0,0.0,0.0
92,23.0,R2Z3,161.42378025663143,0.0,0.0,1.35427960071992,111.80987374958303,8.881784197001252e-16,0.0,0.0,0.0,0.0,0.0,0.0,0.0,0.0,0.0,0.0,0.0,0.0,0.0
93,23.25,R1Z1,140.26507604553518,0.0,0.0,0.0,161.4500648328135,0.0,0.0,0.0,0.0,0.0,0.0,0.0,0.0,0.0,0.0,547.9362467165452,0.0,0.0,0.0
93,23.25,R1Z2,171.32660758010613,0.0,0.0,0.0,26.845232371433696,0.0,0.0,39.27253359759595,35.4223208809307,0.0,0.0,0.0,0.0,0.0,0.0,537.4254735430596,0.0,0.0,0.0
93,23.25,R1Z3,136.1598404713516,0.0,0.0,0.7995473192370568,37.39854080907505,-4.440892098500626e-16,0.0,0.0,0.0,0.0,0.0,0.0,0.0,0.0,0.0,0.0,0.0,0.0,0.0
93,23.25,R2Z1,101.30818960122478,0.0,135.0,9.991222485597042,39.17588756524745,1.7763568394002505e-15,0.0,0.0,0.0,0.0,0.0,0.0,38.704725501342516,0.0,0.0,426.2353936954366,0.0,0.0,0.0
93,23.25,R2Z2,140.3265346555697,0.0,0.0,5.1568041516813565,91.8531446529896,0.0,0.0,0.0,70.8446417618614,0.0,0.0,0.0,32.625098178882865,0.0,0.0,0.0,0.0,0.0,0.0
93,23.25,R2Z3,165.63865584475593,0.0,0.0,4.267744188358932,197.54721958172158,1.7763568394002505e-15,0.0,0.0,0.0,0.0,0.0,0.0,0.0,0.0,0.0,0.0,0.0,0.0,0.0
94,23.5,R1Z1,121.2052417087556,0.0,0.0,0.0,167.61455159454297,0.0,0.0,50.63040238892182,0.0,0.0,0.0,0.0,0.0,0.0,0.0,547.5614108141876,0.0,0.0,0.0
94,23.5,R1Z2,192.86763052017932,0.0,0.0,2.288019303170387,37.381721677596374,0.0,0.0,220.0,40.68892045135796,0.0,0.0,0.0,0.0,0.0,0.0,537.0578279209045,0.0,0.0,0.0
94,23.5,R1Z3,132.7724059194329,0.0,0.0,0.0,23.540165371433,0.0,0.0,0.0,0.0,0.0,0.0,0.0,0.0,0.0,0.0,0.0,0.0,0.0,0.0
94,23.5,R2Z1,96.92805246681853,0.0,135.0,0.0,43.437605206401614,0.0,0.0,0.0,0.0,0.0,0.0,0.0,38.66643771337682,0.0,0.0,425.94381172879366,0.0,0.0,0.0
94,23.5,R2Z2,190.01188717095522,0.0,0.0,0.0,52.91296478464943,0.0,0.0,0.0,81.37784090271592,0.0,0.0,0.0,32.592824526886815,0.0,0.0,0.0,0.0,0.0,0.0
94,23.5,R2Z3,212.88299341090786,0.0,0.0,0.0,91.79601951626,0.0,0.0,0.0,0.0,0.0,0.0,0.0,0.0,0.0,0.0,0.0,0.0,0.0,0.0
95,23.75,R1Z1,146.764494950452,0.0,0.0,1.538400509766447,90.71068757001107,1.9984014443252818e-15,0.0,0.0,0.0,0.0,0.0,0.0,0.0,0.0,0.0,547.1868313320879,0.0,0.0,0.0
95,23.75,R1Z2,176.20469028942716,0.0,0.0,0.0,59.135129664498095,0.0,0.0,169.22814482321962,29.23305344519743,0.0,0.0,0.0,0.0,0.0,0.0,536.6904338002321,0.0,0.0,0.0
95,23.75,R1Z3,143.9261304474196,0.0,0.0,0.0,50.18454099449212,0.0,0.0,0.0,0.0,0.0,0.0,0.0,0.0,0.0,0.0,0.0,0.0,0.0,0.0
95,23.75,R2Z1,78.94425266516974,0.0,135.0,4.123984777899516,31.277040561231907,-2.6645352591003757e-15,0.0,0.0,0.0,0.0,0.0,0.0,38.62818780075292,0.0,0.0,425.65242922949784,0.0,0.0,0.0
95,23.75,R2Z2,190.3818258688828,0.0,0.0,0.025434138061285694,160.0,2.570860191397628e-15,0.0,0.0,58.46610689039486,0.0,0.0,0.0,32.56058280088244,0.0,0.0,0.0,0.0,0.0,0.0
95,23.75,R2Z3,172.57791597625942,0.0,0.0,0.0,119.87678682283835,0.0,0.0,0.0,0.0,0.0,0.0,0.0,0.0,0.0,0.0,0.0,0.0,0.0,0.0
